Workbook

Sheet Instrucciones
A1: Hoja | B1: Uso
A2: Imparticion | B2: Marcar qué partes del temario se han impartido, fechas, sesiones reales y observaciones por grupo.
A3: Actividades | B3: Catálogo operativo de prácticas, cuestionarios y rúbricas detectadas en 03-practicas y 04-evaluacion.
A4: Registro_Notas | B4: Registrar por alumno y actividad: entrega, corrección, nota, peso y observaciones. La nota ponderada se calcula automáticamente.
A5: Resumen_Alumno | B5: Calcular medias por alumno a partir de Registro_Notas. Escribir alumnado en la columna Alumno.
A6: Listas | B6: Valores recomendados para estados.
A7: Nota | B7: Para trazabilidad RA/CE detallada, usar junto con TRAZABILIDAD_CALIFICACIONES_RA_CE.xlsx.

Sheet Imparticion
A1: Unidad | B1: Título unidad | C1: Parte/Bloque | D1: Tipo | E1: Ruta | F1: Estado | G1: Fecha inicio | H1: Fecha fin | I1: Sesiones previstas | J1: Sesiones reales | K1: Grupo | L1: Observaciones | M1: Próxima acción
A2: 01 | B2: 01 - Fundamentos de Python | C2: Índice / presentación | D2: documentación | E2: 01-fundamentos-python/README.md | F2: Pendiente
A3: 01 | B3: 01 - Fundamentos de Python | C3: Teoría | D3: teoría | E3: 01-fundamentos-python/01-teoria | F3: Pendiente
A4: 01 | B4: 01 - Fundamentos de Python | C4: Ejemplos | D4: ejemplo | E4: 01-fundamentos-python/02-ejemplos | F4: Pendiente
A5: 01 | B5: 01 - Fundamentos de Python | C5: Prácticas | D5: práctica | E5: 01-fundamentos-python/03-practicas | F5: Pendiente
A6: 01 | B6: 01 - Fundamentos de Python | C6: Evaluación | D6: evaluación | E6: 01-fundamentos-python/04-evaluacion | F6: Pendiente
A7: 01 | B7: 01 - Fundamentos de Python | C7: Recursos | D7: recurso | E7: 01-fundamentos-python/05-recursos | F7: Pendiente
A8: 01 | B8: 01 - Fundamentos de Python | C8: Archivo interno | D8: archivo | E8: 01-fundamentos-python/90-archivo | F8: Pendiente
A9: 02 | B9: 02 — Tratamiento de Datos | C9: Índice / presentación | D9: documentación | E9: 02-tratamiento-datos/README.md | F9: Pendiente
A10: 02 | B10: 02 — Tratamiento de Datos | C10: Teoría | D10: teoría | E10: 02-tratamiento-datos/01-teoria | F10: Pendiente
A11: 02 | B11: 02 — Tratamiento de Datos | C11: Ejemplos | D11: ejemplo | E11: 02-tratamiento-datos/02-ejemplos | F11: Pendiente
A12: 02 | B12: 02 — Tratamiento de Datos | C12: Prácticas | D12: práctica | E12: 02-tratamiento-datos/03-practicas | F12: Pendiente
A13: 02 | B13: 02 — Tratamiento de Datos | C13: Evaluación | D13: evaluación | E13: 02-tratamiento-datos/04-evaluacion | F13: Pendiente
... A90: 99 | B90: 99-sensible — Claves y datos sensibles | C90: Índice / presentación | D90: documentación | E90: 99-sensible/README.md | F90: Pendiente

Sheet Actividades
A1: Unidad | B1: Título unidad | C1: Actividad | D1: Tipo | E1: Ruta | F1: Evalúa | G1: Estado actividad | H1: Fecha propuesta | I1: Fecha límite | J1: Entregas esperadas | K1: Entregas recibidas | L1: Pendientes corrección | M1: Nota media | N1: Peso % | O1: Observaciones
A2: 01 | B2: 01 - Fundamentos de Python | C2: CuadernoDePracticasEstructuras | D2: notebook | E2: 01-fundamentos-python/03-practicas/05_CuadernoDePracticasEstructuras.ipynb | F2: Revisar | G2: Pendiente | L2: =IF(AND(ISNUMBER(J2),ISNUMBER(K2)),MAX(J2-K2,0),"")
A3: 01 | B3: 01 - Fundamentos de Python | C3: Repaso Y Ejercicios Basicos | D3: notebook | E3: 01-fundamentos-python/03-practicas/05_repaso_y_ejercicios_basicos.ipynb | F3: Revisar | G3: Pendiente | L3: =IF(AND(ISNUMBER(J3),ISNUMBER(K3)),MAX(J3-K3,0),"")
A4: 01 | B4: 01 - Fundamentos de Python | C4: Eda Numpy | D4: notebook | E4: 01-fundamentos-python/03-practicas/09_eda_numpy.ipynb | F4: Revisar | G4: Pendiente | L4: =IF(AND(ISNUMBER(J4),ISNUMBER(K4)),MAX(J4-K4,0),"")
A5: 01 | B5: 01 - Fundamentos de Python | C5: 🧮 Actividad: Análisis exploratorio con NumPy | D5: guía/rúbrica | E5: 01-fundamentos-python/03-practicas/09_eda_numpy.md | F5: Revisar | G5: Pendiente | L5: =IF(AND(ISNUMBER(J5),ISNUMBER(K5)),MAX(J5-K5,0),"")
A6: 01 | B6: 01 - Fundamentos de Python | C6: Ejercicios Numpy Tests | D6: notebook | E6: 01-fundamentos-python/03-practicas/10-ejercicios_numpy-tests.ipynb | F6: Revisar | G6: Pendiente | L6: =IF(AND(ISNUMBER(J6),ISNUMBER(K6)),MAX(J6-K6,0),"")
A7: 01 | B7: 01 - Fundamentos de Python | C7: 🧮 Ejercicios de práctica con NumPy (versión con tests) | D7: guía/rúbrica | E7: 01-fundamentos-python/03-practicas/10-ejercicios_numpy-tests.md | F7: Revisar | G7: Pendiente | L7: =IF(AND(ISNUMBER(J7),ISNUMBER(K7)),MAX(J7-K7,0),"")
A8: 01 | B8: 01 - Fundamentos de Python | C8: Ejercicios Numpy | D8: notebook | E8: 01-fundamentos-python/03-practicas/10-ejercicios_numpy.ipynb | F8: Revisar | G8: Pendiente | L8: =IF(AND(ISNUMBER(J8),ISNUMBER(K8)),MAX(J8-K8,0),"")
A9: 01 | B9: 01 - Fundamentos de Python | C9: 🧮 Ejercicios de práctica con NumPy | D9: guía/rúbrica | E9: 01-fundamentos-python/03-practicas/10-ejercicios_numpy.md | F9: Revisar | G9: Pendiente | L9: =IF(AND(ISNUMBER(J9),ISNUMBER(K9)),MAX(J9-K9,0),"")
A10: 01 | B10: 01 - Fundamentos de Python | C10: Evaluación base — UD1 Fundamentos de Python | D10: guía/rúbrica | E10: 01-fundamentos-python/04-evaluacion/README.md | F10: Sí | G10: Pendiente | L10: =IF(AND(ISNUMBER(J10),ISNUMBER(K10)),MAX(J10-K10,0),"")
A11: 01 | B11: 01 - Fundamentos de Python | C11: Checklist de entrega — UD1 | D11: guía/rúbrica | E11: 01-fundamentos-python/04-evaluacion/checklist-entrega.md | F11: Sí | G11: Pendiente | L11: =IF(AND(ISNUMBER(J11),ISNUMBER(K11)),MAX(J11-K11,0),"")
A12: 01 | B12: 01 - Fundamentos de Python | C12: Cuestionario Base | D12: cuestionario | E12: 01-fundamentos-python/04-evaluacion/cuestionario-base.gift | F12: Sí | G12: Pendiente | L12: =IF(AND(ISNUMBER(J12),ISNUMBER(K12)),MAX(J12-K12,0),"")
A13: 01 | B13: 01 - Fundamentos de Python | C13: Rúbrica base — UD1 Fundamentos de Python | D13: guía/rúbrica | E13: 01-fundamentos-python/04-evaluacion/rubrica.md | F13: Sí | G13: Pendiente | L13: =IF(AND(ISNUMBER(J13),ISNUMBER(K13)),MAX(J13-K13,0),"")
... A280: 12 | B280: 12-proyecto-integrado | C280: Evaluación — UD12 Proyecto Integrado | D280: guía/rúbrica | E280: 12-proyecto-integrado/04-evaluacion/README.md | F280: Sí | G280: Pendiente | L280: =IF(AND(ISNUMBER(J280),ISNUMBER(K280)),MAX(J280-K280,0),"")

Sheet Registro_Notas
A1: Alumno | B1: Grupo | C1: Unidad | D1: Actividad | E1: Ruta | F1: RA/CE | G1: Estado entrega | H1: Estado corrección | I1: Fecha entrega | J1: Nota 0-10 | K1: Peso % | L1: Nota ponderada | M1: Observaciones
G2: No empezada | H2: Pendiente | L2: =IF(AND(ISNUMBER(J2),ISNUMBER(K2)),J2*K2/100,"")
G3: No empezada | H3: Pendiente | L3: =IF(AND(ISNUMBER(J3),ISNUMBER(K3)),J3*K3/100,"")
G4: No empezada | H4: Pendiente | L4: =IF(AND(ISNUMBER(J4),ISNUMBER(K4)),J4*K4/100,"")
G5: No empezada | H5: Pendiente | L5: =IF(AND(ISNUMBER(J5),ISNUMBER(K5)),J5*K5/100,"")
G6: No empezada | H6: Pendiente | L6: =IF(AND(ISNUMBER(J6),ISNUMBER(K6)),J6*K6/100,"")
G7: No empezada | H7: Pendiente | L7: =IF(AND(ISNUMBER(J7),ISNUMBER(K7)),J7*K7/100,"")
G8: No empezada | H8: Pendiente | L8: =IF(AND(ISNUMBER(J8),ISNUMBER(K8)),J8*K8/100,"")
G9: No empezada | H9: Pendiente | L9: =IF(AND(ISNUMBER(J9),ISNUMBER(K9)),J9*K9/100,"")
G10: No empezada | H10: Pendiente | L10: =IF(AND(ISNUMBER(J10),ISNUMBER(K10)),J10*K10/100,"")
G11: No empezada | H11: Pendiente | L11: =IF(AND(ISNUMBER(J11),ISNUMBER(K11)),J11*K11/100,"")
G12: No empezada | H12: Pendiente | L12: =IF(AND(ISNUMBER(J12),ISNUMBER(K12)),J12*K12/100,"")
G13: No empezada | H13: Pendiente | L13: =IF(AND(ISNUMBER(J13),ISNUMBER(K13)),J13*K13/100,"")
... G301: No empezada | H301: Pendiente | L301: =IF(AND(ISNUMBER(J301),ISNUMBER(K301)),J301*K301/100,"")

Sheet Resumen_Alumno
A1: Alumno | B1: Grupo | C1: Media simple | D1: Media ponderada | E1: Actividades registradas | F1: Pendientes corrección
C2: =IF(A2="","",IFERROR(AVERAGEIF(Registro_Notas!$A:$A,A2,Registro_Notas!$J:$J),"")) | D2: =IF(A2="","",IFERROR(SUMIF(Registro_Notas!$A:$A,A2,Registro_Notas!$L:$L),"")) | E2: =IF(A2="","",COUNTIF(Registro_Notas!$A:$A,A2)) | F2: =IF(A2="","",COUNTIFS(Registro_Notas!$A:$A,A2,Registro_Notas!$H:$H,"<>Corregida",Registro_Notas!$D:$D,"<>"))
C3: =IF(A3="","",IFERROR(AVERAGEIF(Registro_Notas!$A:$A,A3,Registro_Notas!$J:$J),"")) | D3: =IF(A3="","",IFERROR(SUMIF(Registro_Notas!$A:$A,A3,Registro_Notas!$L:$L),"")) | E3: =IF(A3="","",COUNTIF(Registro_Notas!$A:$A,A3)) | F3: =IF(A3="","",COUNTIFS(Registro_Notas!$A:$A,A3,Registro_Notas!$H:$H,"<>Corregida",Registro_Notas!$D:$D,"<>"))
C4: =IF(A4="","",IFERROR(AVERAGEIF(Registro_Notas!$A:$A,A4,Registro_Notas!$J:$J),"")) | D4: =IF(A4="","",IFERROR(SUMIF(Registro_Notas!$A:$A,A4,Registro_Notas!$L:$L),"")) | E4: =IF(A4="","",COUNTIF(Registro_Notas!$A:$A,A4)) | F4: =IF(A4="","",COUNTIFS(Registro_Notas!$A:$A,A4,Registro_Notas!$H:$H,"<>Corregida",Registro_Notas!$D:$D,"<>"))
C5: =IF(A5="","",IFERROR(AVERAGEIF(Registro_Notas!$A:$A,A5,Registro_Notas!$J:$J),"")) | D5: =IF(A5="","",IFERROR(SUMIF(Registro_Notas!$A:$A,A5,Registro_Notas!$L:$L),"")) | E5: =IF(A5="","",COUNTIF(Registro_Notas!$A:$A,A5)) | F5: =IF(A5="","",COUNTIFS(Registro_Notas!$A:$A,A5,Registro_Notas!$H:$H,"<>Corregida",Registro_Notas!$D:$D,"<>"))
C6: =IF(A6="","",IFERROR(AVERAGEIF(Registro_Notas!$A:$A,A6,Registro_Notas!$J:$J),"")) | D6: =IF(A6="","",IFERROR(SUMIF(Registro_Notas!$A:$A,A6,Registro_Notas!$L:$L),"")) | E6: =IF(A6="","",COUNTIF(Registro_Notas!$A:$A,A6)) | F6: =IF(A6="","",COUNTIFS(Registro_Notas!$A:$A,A6,Registro_Notas!$H:$H,"<>Corregida",Registro_Notas!$D:$D,"<>"))
C7: =IF(A7="","",IFERROR(AVERAGEIF(Registro_Notas!$A:$A,A7,Registro_Notas!$J:$J),"")) | D7: =IF(A7="","",IFERROR(SUMIF(Registro_Notas!$A:$A,A7,Registro_Notas!$L:$L),"")) | E7: =IF(A7="","",COUNTIF(Registro_Notas!$A:$A,A7)) | F7: =IF(A7="","",COUNTIFS(Registro_Notas!$A:$A,A7,Registro_Notas!$H:$H,"<>Corregida",Registro_Notas!$D:$D,"<>"))
C8: =IF(A8="","",IFERROR(AVERAGEIF(Registro_Notas!$A:$A,A8,Registro_Notas!$J:$J),"")) | D8: =IF(A8="","",IFERROR(SUMIF(Registro_Notas!$A:$A,A8,Registro_Notas!$L:$L),"")) | E8: =IF(A8="","",COUNTIF(Registro_Notas!$A:$A,A8)) | F8: =IF(A8="","",COUNTIFS(Registro_Notas!$A:$A,A8,Registro_Notas!$H:$H,"<>Corregida",Registro_Notas!$D:$D,"<>"))
C9: =IF(A9="","",IFERROR(AVERAGEIF(Registro_Notas!$A:$A,A9,Registro_Notas!$J:$J),"")) | D9: =IF(A9="","",IFERROR(SUMIF(Registro_Notas!$A:$A,A9,Registro_Notas!$L:$L),"")) | E9: =IF(A9="","",COUNTIF(Registro_Notas!$A:$A,A9)) | F9: =IF(A9="","",COUNTIFS(Registro_Notas!$A:$A,A9,Registro_Notas!$H:$H,"<>Corregida",Registro_Notas!$D:$D,"<>"))
C10: =IF(A10="","",IFERROR(AVERAGEIF(Registro_Notas!$A:$A,A10,Registro_Notas!$J:$J),"")) | D10: =IF(A10="","",IFERROR(SUMIF(Registro_Notas!$A:$A,A10,Registro_Notas!$L:$L),"")) | E10: =IF(A10="","",COUNTIF(Registro_Notas!$A:$A,A10)) | F10: =IF(A10="","",COUNTIFS(Registro_Notas!$A:$A,A10,Registro_Notas!$H:$H,"<>Corregida",Registro_Notas!$D:$D,"<>"))
C11: =IF(A11="","",IFERROR(AVERAGEIF(Registro_Notas!$A:$A,A11,Registro_Notas!$J:$J),"")) | D11: =IF(A11="","",IFERROR(SUMIF(Registro_Notas!$A:$A,A11,Registro_Notas!$L:$L),"")) | E11: =IF(A11="","",COUNTIF(Registro_Notas!$A:$A,A11)) | F11: =IF(A11="","",COUNTIFS(Registro_Notas!$A:$A,A11,Registro_Notas!$H:$H,"<>Corregida",Registro_Notas!$D:$D,"<>"))
C12: =IF(A12="","",IFERROR(AVERAGEIF(Registro_Notas!$A:$A,A12,Registro_Notas!$J:$J),"")) | D12: =IF(A12="","",IFERROR(SUMIF(Registro_Notas!$A:$A,A12,Registro_Notas!$L:$L),"")) | E12: =IF(A12="","",COUNTIF(Registro_Notas!$A:$A,A12)) | F12: =IF(A12="","",COUNTIFS(Registro_Notas!$A:$A,A12,Registro_Notas!$H:$H,"<>Corregida",Registro_Notas!$D:$D,"<>"))
C13: =IF(A13="","",IFERROR(AVERAGEIF(Registro_Notas!$A:$A,A13,Registro_Notas!$J:$J),"")) | D13: =IF(A13="","",IFERROR(SUMIF(Registro_Notas!$A:$A,A13,Registro_Notas!$L:$L),"")) | E13: =IF(A13="","",COUNTIF(Registro_Notas!$A:$A,A13)) | F13: =IF(A13="","",COUNTIFS(Registro_Notas!$A:$A,A13,Registro_Notas!$H:$H,"<>Corregida",Registro_Notas!$D:$D,"<>"))
... C101: =IF(A101="","",IFERROR(AVERAGEIF(Registro_Notas!$A:$A,A101,Registro_Notas!$J:$J),"")) | D101: =IF(A101="","",IFERROR(SUMIF(Registro_Notas!$A:$A,A101,Registro_Notas!$L:$L),"")) | E101: =IF(A101="","",COUNTIF(Registro_Notas!$A:$A,A101)) | F101: =IF(A101="","",COUNTIFS(Registro_Notas!$A:$A,A101,Registro_Notas!$H:$H,"<>Corregida",Registro_Notas!$D:$D,"<>"))

Sheet Listas
A1: Campo | B1: Valores
A2: Estado impartición | B2: Pendiente; En curso; Impartido; Reforzar; Omitido
A3: Evalúa | B3: Sí; No; Revisar
A4: Estado actividad | B4: Pendiente; En curso; Entregada; Corregida; Devuelta; Archivada
A5: Estado entrega | B5: No empezada; En curso; Entregada; No entregada
A6: Estado corrección | B6: Pendiente; En corrección; Corregida; Devuelta
