Workbook

Sheet Instrucciones
A1: Hoja | B1: Uso
A2: Instrucciones | B2: Explica el funcionamiento de la plantilla.
A3: Mapa_RA_CE | B3: Define qué RA/CE trata cada actividad. Usa 1 si aplica o un peso parcial como 0.5.
A4: Calificaciones | B4: Introduce Alumno, Actividad y Nota. Las columnas RA/CE se rellenan automáticamente según Mapa_RA_CE.
A5: Resumen_RA_CE | B5: Introduce la lista de alumnado en la columna A para calcular medias por RA/CE.
A6: RA_CE | B6: Referencia textual de resultados de aprendizaje y criterios de evaluación.
A8: Regla práctica | B8: Si una práctica trata un CE, la nota se copia en ese CE. Si usas pesos parciales en Mapa_RA_CE, se copia Nota x peso.
A9: Importante | B9: La plantilla es una base docente: ajusta el mapa de actividades cuando cambie una práctica o rúbrica.

Sheet Mapa_RA_CE
A1: Actividad | B1: Unidad | C1: Tipo | D1: Peso actividad | E1: Estado | F1: Descripción | G1: RA1 | H1: RA1.a | I1: RA1.b | J1: RA1.c | K1: RA1.d | L1: RA1.e | M1: RA1.f | N1: RA2 | O1: RA2.a | P1: RA2.b | Q1: RA2.c | R1: RA2.d | S1: RA2.e | T1: RA3 | U1: RA3.a | V1: RA3.b | W1: RA3.c | X1: RA3.d | Y1: RA3.e | Z1: RA4 | AA1: RA4.a | AB1: RA4.b | AC1: RA4.c | AD1: RA4.d
A2: UD1 - Práctica Python y NumPy | B2: 01-fundamentos-python | C2: Práctica | D2: 1 | E2: Activa | F2: Sintaxis, estructuras, funciones, NumPy/JAX inicial. | G2: 1 | H2: 1 | I2: 1 | K2: 1 | L2: 1
A3: UD1 - Comparativa de lenguajes y formatos para IA | B3: 01-fundamentos-python | C3: Actividad breve | D3: 1 | E3: Recomendada | F3: Evidencia formal de idoneidad de lenguajes y formatos de intercambio. | G3: 1 | I3: 1 | J3: 1 | K3: 1 | L3: 1 | M3: 1
A4: UD2 - EDA y tratamiento de datos | B4: 02-tratamiento-datos | C4: Práctica | D4: 1 | E4: Activa | F4: Limpieza, transformación, análisis exploratorio y visualización. | N4: 1 | Q4: 1 | R4: 1 | S4: 1
A5: UD3 - Dataset y modelado ML | B5: 03-machine-learning | C5: Laboratorio/proyecto | D5: 1 | E5: Activa | F5: Creación de dataset, entrenamiento, evaluación y entrega de modelo. | N5: 1 | P5: 1 | Q5: 1 | R5: 1 | S5: 1
A6: UD4 - Laboratorio Deep Learning | B6: 04-deep-learning | C6: Laboratorio | D6: 1 | E6: Activa | F6: Redes neuronales, frameworks, entrenamiento y evaluación. | N6: 1 | P6: 1 | Q6: 1 | R6: 1 | S6: 1
A7: UD5 - Comparativa Cloud/MLOps | B7: 05-cloud-mlops | C7: Tarea | D7: 1 | E7: Activa | F7: Plataformas, servicios, feature stores, cloud y MLOps. | N7: 1 | O7: 1 | P7: 1 | T7: 1 | V7: 1 | W7: 1 | X7: 1
A8: UD6 - APIs, RAG y agentes | B8: 06-llm-agentes | C8: Práctica | D8: 1 | E8: Activa | F8: Serving, APIs, RAG, agentes, evaluación y trazabilidad. | N8: 1 | O8: 1 | R8: 1 | S8: 1 | T8: 1 | V8: 1 | W8: 1 | X8: 1
A9: UD7 - Proyecto de convergencia de herramientas IA | B9: 07-convergencia-herramientas | C9: Proyecto | D9: 1 | E9: Activa | F9: Pipeline completo: datos, MLflow, Prefect, FastAPI, RAG/agentes, observabilidad e IA responsable. | N9: 1 | R9: 1 | S9: 1 | T9: 1 | U9: 1 | V9: 1 | W9: 1 | X9: 1 | Y9: 1 | Z9: 1 | AC9: 1 | AD9: 1
A10: UD8 - Visión artificial y XAI | B10: 08-vision-xai | C10: Práctica | D10: 1 | E10: Activa | F10: Segmentación, tracking, métricas, LIME/SHAP/Grad-CAM. | N10: 1 | Q10: 1 | R10: 1 | S10: 1
A11: UD9 - GPU, dashboard y pipeline | B11: 09-gpu-avanzado | C11: Proyecto | D11: 1 | E11: Activa | F11: RAPIDS/JAX, benchmark CPU/GPU, dashboard y pipeline reproducible. | N11: 1 | P11: 1 | R11: 1 | S11: 1 | T11: 1 | V11: 1 | W11: 1 | Y11: 1 | Z11: 1 | AC11: 1 | AD11: 1
A12: UD10 - Series temporales y forecasting | B12: 10-series-temporales | C12: Taller/proyecto | D12: 1 | E12: Activa | F12: Baselines, modelos, métricas, forecasting y análisis temporal. | N12: 1 | Q12: 1 | R12: 1 | S12: 1 | T12: 1 | Y12: 1
A13: UD12 - Proyecto final integrado | B13: 12-proyecto-integrado | C13: Proyecto final | D13: 1 | E13: Activa | F13: Problema real, dos fuentes de datos, componente IA/ML, salida útil, documentación y defensa. | N13: 1 | Q13: 1 | R13: 1 | S13: 1 | T13: 1 | U13: 1 | V13: 1 | W13: 1 | X13: 1 | Y13: 1 | Z13: 1 | AA13: 1 | AB13: 1 | AC13: 1 | AD13: 1

Sheet Calificaciones
A1: Alumno | B1: Actividad | C1: Unidad | D1: Nota 0-10 | E1: Observaciones | F1: RA1 | G1: RA1.a | H1: RA1.b | I1: RA1.c | J1: RA1.d | K1: RA1.e | L1: RA1.f | M1: RA2 | N1: RA2.a | O1: RA2.b | P1: RA2.c | Q1: RA2.d | R1: RA2.e | S1: RA3 | T1: RA3.a | U1: RA3.b | V1: RA3.c | W1: RA3.d | X1: RA3.e | Y1: RA4 | Z1: RA4.a | AA1: RA4.b | AB1: RA4.c | AC1: RA4.d
C2: =IFERROR(VLOOKUP($B2,Mapa_RA_CE!$A:$AD,2,FALSE),"") | F2: =IFERROR(IF(VLOOKUP($B2,Mapa_RA_CE!$A:$AD,MATCH(F1,Mapa_RA_CE!$1:$1,0),FALSE)>0,$D2*VLOOKUP($B2,Mapa_RA_CE!$A:$AD,MATCH(F1,Mapa_RA_CE!$1:$1,0),FALSE),""),"") | G2: =IFERROR(IF(VLOOKUP($B2,Mapa_RA_CE!$A:$AD,MATCH(G1,Mapa_RA_CE!$1:$1,0),FALSE)>0,$D2*VLOOKUP($B2,Mapa_RA_CE!$A:$AD,MATCH(G1,Mapa_RA_CE!$1:$1,0),FALSE),""),"") | H2: =IFERROR(IF(VLOOKUP($B2,Mapa_RA_CE!$A:$AD,MATCH(H1,Mapa_RA_CE!$1:$1,0),FALSE)>0,$D2*VLOOKUP($B2,Mapa_RA_CE!$A:$AD,MATCH(H1,Mapa_RA_CE!$1:$1,0),FALSE),""),"") | I2: =IFERROR(IF(VLOOKUP($B2,Mapa_RA_CE!$A:$AD,MATCH(I1,Mapa_RA_CE!$1:$1,0),FALSE)>0,$D2*VLOOKUP($B2,Mapa_RA_CE!$A:$AD,MATCH(I1,Mapa_RA_CE!$1:$1,0),FALSE),""),"") | J2: =IFERROR(IF(VLOOKUP($B2,Mapa_RA_CE!$A:$AD,MATCH(J1,Mapa_RA_CE!$1:$1,0),FALSE)>0,$D2*VLOOKUP($B2,Mapa_RA_CE!$A:$AD,MATCH(J1,Mapa_RA_CE!$1:$1,0),FALSE),""),"") | K2: =IFERROR(IF(VLOOKUP($B2,Mapa_RA_CE!$A:$AD,MATCH(K1,Mapa_RA_CE!$1:$1,0),FALSE)>0,$D2*VLOOKUP($B2,Mapa_RA_CE!$A:$AD,MATCH(K1,Mapa_RA_CE!$1:$1,0),FALSE),""),"") | L2: =IFERROR(IF(VLOOKUP($B2,Mapa_RA_CE!$A:$AD,MATCH(L1,Mapa_RA_CE!$1:$1,0),FALSE)>0,$D2*VLOOKUP($B2,Mapa_RA_CE!$A:$AD,MATCH(L1,Mapa_RA_CE!$1:$1,0),FALSE),""),"") | M2: =IFERROR(IF(VLOOKUP($B2,Mapa_RA_CE!$A:$AD,MATCH(M1,Mapa_RA_CE!$1:$1,0),FALSE)>0,$D2*VLOOKUP($B2,Mapa_RA_CE!$A:$AD,MATCH(M1,Mapa_RA_CE!$1:$1,0),FALSE),""),"") | ... AC2: =IFERROR(IF(VLOOKUP($B2,Mapa_RA_CE!$A:$AD,MATCH(AC1,Mapa_RA_CE!$1:$1,0),FALSE)>0,$D2*VLOOKUP($B2,Mapa_RA_CE!$A:$AD,MATCH(AC1,Mapa_RA_CE!$1:$1,0),FALSE),""),"")
C3: =IFERROR(VLOOKUP($B3,Mapa_RA_CE!$A:$AD,2,FALSE),"") | F3: =IFERROR(IF(VLOOKUP($B3,Mapa_RA_CE!$A:$AD,MATCH(F1,Mapa_RA_CE!$1:$1,0),FALSE)>0,$D3*VLOOKUP($B3,Mapa_RA_CE!$A:$AD,MATCH(F1,Mapa_RA_CE!$1:$1,0),FALSE),""),"") | G3: =IFERROR(IF(VLOOKUP($B3,Mapa_RA_CE!$A:$AD,MATCH(G1,Mapa_RA_CE!$1:$1,0),FALSE)>0,$D3*VLOOKUP($B3,Mapa_RA_CE!$A:$AD,MATCH(G1,Mapa_RA_CE!$1:$1,0),FALSE),""),"") | H3: =IFERROR(IF(VLOOKUP($B3,Mapa_RA_CE!$A:$AD,MATCH(H1,Mapa_RA_CE!$1:$1,0),FALSE)>0,$D3*VLOOKUP($B3,Mapa_RA_CE!$A:$AD,MATCH(H1,Mapa_RA_CE!$1:$1,0),FALSE),""),"") | I3: =IFERROR(IF(VLOOKUP($B3,Mapa_RA_CE!$A:$AD,MATCH(I1,Mapa_RA_CE!$1:$1,0),FALSE)>0,$D3*VLOOKUP($B3,Mapa_RA_CE!$A:$AD,MATCH(I1,Mapa_RA_CE!$1:$1,0),FALSE),""),"") | J3: =IFERROR(IF(VLOOKUP($B3,Mapa_RA_CE!$A:$AD,MATCH(J1,Mapa_RA_CE!$1:$1,0),FALSE)>0,$D3*VLOOKUP($B3,Mapa_RA_CE!$A:$AD,MATCH(J1,Mapa_RA_CE!$1:$1,0),FALSE),""),"") | K3: =IFERROR(IF(VLOOKUP($B3,Mapa_RA_CE!$A:$AD,MATCH(K1,Mapa_RA_CE!$1:$1,0),FALSE)>0,$D3*VLOOKUP($B3,Mapa_RA_CE!$A:$AD,MATCH(K1,Mapa_RA_CE!$1:$1,0),FALSE),""),"") | L3: =IFERROR(IF(VLOOKUP($B3,Mapa_RA_CE!$A:$AD,MATCH(L1,Mapa_RA_CE!$1:$1,0),FALSE)>0,$D3*VLOOKUP($B3,Mapa_RA_CE!$A:$AD,MATCH(L1,Mapa_RA_CE!$1:$1,0),FALSE),""),"") | M3: =IFERROR(IF(VLOOKUP($B3,Mapa_RA_CE!$A:$AD,MATCH(M1,Mapa_RA_CE!$1:$1,0),FALSE)>0,$D3*VLOOKUP($B3,Mapa_RA_CE!$A:$AD,MATCH(M1,Mapa_RA_CE!$1:$1,0),FALSE),""),"") | ... AC3: =IFERROR(IF(VLOOKUP($B3,Mapa_RA_CE!$A:$AD,MATCH(AC1,Mapa_RA_CE!$1:$1,0),FALSE)>0,$D3*VLOOKUP($B3,Mapa_RA_CE!$A:$AD,MATCH(AC1,Mapa_RA_CE!$1:$1,0),FALSE),""),"")
C4: =IFERROR(VLOOKUP($B4,Mapa_RA_CE!$A:$AD,2,FALSE),"") | F4: =IFERROR(IF(VLOOKUP($B4,Mapa_RA_CE!$A:$AD,MATCH(F1,Mapa_RA_CE!$1:$1,0),FALSE)>0,$D4*VLOOKUP($B4,Mapa_RA_CE!$A:$AD,MATCH(F1,Mapa_RA_CE!$1:$1,0),FALSE),""),"") | G4: =IFERROR(IF(VLOOKUP($B4,Mapa_RA_CE!$A:$AD,MATCH(G1,Mapa_RA_CE!$1:$1,0),FALSE)>0,$D4*VLOOKUP($B4,Mapa_RA_CE!$A:$AD,MATCH(G1,Mapa_RA_CE!$1:$1,0),FALSE),""),"") | H4: =IFERROR(IF(VLOOKUP($B4,Mapa_RA_CE!$A:$AD,MATCH(H1,Mapa_RA_CE!$1:$1,0),FALSE)>0,$D4*VLOOKUP($B4,Mapa_RA_CE!$A:$AD,MATCH(H1,Mapa_RA_CE!$1:$1,0),FALSE),""),"") | I4: =IFERROR(IF(VLOOKUP($B4,Mapa_RA_CE!$A:$AD,MATCH(I1,Mapa_RA_CE!$1:$1,0),FALSE)>0,$D4*VLOOKUP($B4,Mapa_RA_CE!$A:$AD,MATCH(I1,Mapa_RA_CE!$1:$1,0),FALSE),""),"") | J4: =IFERROR(IF(VLOOKUP($B4,Mapa_RA_CE!$A:$AD,MATCH(J1,Mapa_RA_CE!$1:$1,0),FALSE)>0,$D4*VLOOKUP($B4,Mapa_RA_CE!$A:$AD,MATCH(J1,Mapa_RA_CE!$1:$1,0),FALSE),""),"") | K4: =IFERROR(IF(VLOOKUP($B4,Mapa_RA_CE!$A:$AD,MATCH(K1,Mapa_RA_CE!$1:$1,0),FALSE)>0,$D4*VLOOKUP($B4,Mapa_RA_CE!$A:$AD,MATCH(K1,Mapa_RA_CE!$1:$1,0),FALSE),""),"") | L4: =IFERROR(IF(VLOOKUP($B4,Mapa_RA_CE!$A:$AD,MATCH(L1,Mapa_RA_CE!$1:$1,0),FALSE)>0,$D4*VLOOKUP($B4,Mapa_RA_CE!$A:$AD,MATCH(L1,Mapa_RA_CE!$1:$1,0),FALSE),""),"") | M4: =IFERROR(IF(VLOOKUP($B4,Mapa_RA_CE!$A:$AD,MATCH(M1,Mapa_RA_CE!$1:$1,0),FALSE)>0,$D4*VLOOKUP($B4,Mapa_RA_CE!$A:$AD,MATCH(M1,Mapa_RA_CE!$1:$1,0),FALSE),""),"") | ... AC4: =IFERROR(IF(VLOOKUP($B4,Mapa_RA_CE!$A:$AD,MATCH(AC1,Mapa_RA_CE!$1:$1,0),FALSE)>0,$D4*VLOOKUP($B4,Mapa_RA_CE!$A:$AD,MATCH(AC1,Mapa_RA_CE!$1:$1,0),FALSE),""),"")
C5: =IFERROR(VLOOKUP($B5,Mapa_RA_CE!$A:$AD,2,FALSE),"") | F5: =IFERROR(IF(VLOOKUP($B5,Mapa_RA_CE!$A:$AD,MATCH(F1,Mapa_RA_CE!$1:$1,0),FALSE)>0,$D5*VLOOKUP($B5,Mapa_RA_CE!$A:$AD,MATCH(F1,Mapa_RA_CE!$1:$1,0),FALSE),""),"") | G5: =IFERROR(IF(VLOOKUP($B5,Mapa_RA_CE!$A:$AD,MATCH(G1,Mapa_RA_CE!$1:$1,0),FALSE)>0,$D5*VLOOKUP($B5,Mapa_RA_CE!$A:$AD,MATCH(G1,Mapa_RA_CE!$1:$1,0),FALSE),""),"") | H5: =IFERROR(IF(VLOOKUP($B5,Mapa_RA_CE!$A:$AD,MATCH(H1,Mapa_RA_CE!$1:$1,0),FALSE)>0,$D5*VLOOKUP($B5,Mapa_RA_CE!$A:$AD,MATCH(H1,Mapa_RA_CE!$1:$1,0),FALSE),""),"") | I5: =IFERROR(IF(VLOOKUP($B5,Mapa_RA_CE!$A:$AD,MATCH(I1,Mapa_RA_CE!$1:$1,0),FALSE)>0,$D5*VLOOKUP($B5,Mapa_RA_CE!$A:$AD,MATCH(I1,Mapa_RA_CE!$1:$1,0),FALSE),""),"") | J5: =IFERROR(IF(VLOOKUP($B5,Mapa_RA_CE!$A:$AD,MATCH(J1,Mapa_RA_CE!$1:$1,0),FALSE)>0,$D5*VLOOKUP($B5,Mapa_RA_CE!$A:$AD,MATCH(J1,Mapa_RA_CE!$1:$1,0),FALSE),""),"") | K5: =IFERROR(IF(VLOOKUP($B5,Mapa_RA_CE!$A:$AD,MATCH(K1,Mapa_RA_CE!$1:$1,0),FALSE)>0,$D5*VLOOKUP($B5,Mapa_RA_CE!$A:$AD,MATCH(K1,Mapa_RA_CE!$1:$1,0),FALSE),""),"") | L5: =IFERROR(IF(VLOOKUP($B5,Mapa_RA_CE!$A:$AD,MATCH(L1,Mapa_RA_CE!$1:$1,0),FALSE)>0,$D5*VLOOKUP($B5,Mapa_RA_CE!$A:$AD,MATCH(L1,Mapa_RA_CE!$1:$1,0),FALSE),""),"") | M5: =IFERROR(IF(VLOOKUP($B5,Mapa_RA_CE!$A:$AD,MATCH(M1,Mapa_RA_CE!$1:$1,0),FALSE)>0,$D5*VLOOKUP($B5,Mapa_RA_CE!$A:$AD,MATCH(M1,Mapa_RA_CE!$1:$1,0),FALSE),""),"") | ... AC5: =IFERROR(IF(VLOOKUP($B5,Mapa_RA_CE!$A:$AD,MATCH(AC1,Mapa_RA_CE!$1:$1,0),FALSE)>0,$D5*VLOOKUP($B5,Mapa_RA_CE!$A:$AD,MATCH(AC1,Mapa_RA_CE!$1:$1,0),FALSE),""),"")
C6: =IFERROR(VLOOKUP($B6,Mapa_RA_CE!$A:$AD,2,FALSE),"") | F6: =IFERROR(IF(VLOOKUP($B6,Mapa_RA_CE!$A:$AD,MATCH(F1,Mapa_RA_CE!$1:$1,0),FALSE)>0,$D6*VLOOKUP($B6,Mapa_RA_CE!$A:$AD,MATCH(F1,Mapa_RA_CE!$1:$1,0),FALSE),""),"") | G6: =IFERROR(IF(VLOOKUP($B6,Mapa_RA_CE!$A:$AD,MATCH(G1,Mapa_RA_CE!$1:$1,0),FALSE)>0,$D6*VLOOKUP($B6,Mapa_RA_CE!$A:$AD,MATCH(G1,Mapa_RA_CE!$1:$1,0),FALSE),""),"") | H6: =IFERROR(IF(VLOOKUP($B6,Mapa_RA_CE!$A:$AD,MATCH(H1,Mapa_RA_CE!$1:$1,0),FALSE)>0,$D6*VLOOKUP($B6,Mapa_RA_CE!$A:$AD,MATCH(H1,Mapa_RA_CE!$1:$1,0),FALSE),""),"") | I6: =IFERROR(IF(VLOOKUP($B6,Mapa_RA_CE!$A:$AD,MATCH(I1,Mapa_RA_CE!$1:$1,0),FALSE)>0,$D6*VLOOKUP($B6,Mapa_RA_CE!$A:$AD,MATCH(I1,Mapa_RA_CE!$1:$1,0),FALSE),""),"") | J6: =IFERROR(IF(VLOOKUP($B6,Mapa_RA_CE!$A:$AD,MATCH(J1,Mapa_RA_CE!$1:$1,0),FALSE)>0,$D6*VLOOKUP($B6,Mapa_RA_CE!$A:$AD,MATCH(J1,Mapa_RA_CE!$1:$1,0),FALSE),""),"") | K6: =IFERROR(IF(VLOOKUP($B6,Mapa_RA_CE!$A:$AD,MATCH(K1,Mapa_RA_CE!$1:$1,0),FALSE)>0,$D6*VLOOKUP($B6,Mapa_RA_CE!$A:$AD,MATCH(K1,Mapa_RA_CE!$1:$1,0),FALSE),""),"") | L6: =IFERROR(IF(VLOOKUP($B6,Mapa_RA_CE!$A:$AD,MATCH(L1,Mapa_RA_CE!$1:$1,0),FALSE)>0,$D6*VLOOKUP($B6,Mapa_RA_CE!$A:$AD,MATCH(L1,Mapa_RA_CE!$1:$1,0),FALSE),""),"") | M6: =IFERROR(IF(VLOOKUP($B6,Mapa_RA_CE!$A:$AD,MATCH(M1,Mapa_RA_CE!$1:$1,0),FALSE)>0,$D6*VLOOKUP($B6,Mapa_RA_CE!$A:$AD,MATCH(M1,Mapa_RA_CE!$1:$1,0),FALSE),""),"") | ... AC6: =IFERROR(IF(VLOOKUP($B6,Mapa_RA_CE!$A:$AD,MATCH(AC1,Mapa_RA_CE!$1:$1,0),FALSE)>0,$D6*VLOOKUP($B6,Mapa_RA_CE!$A:$AD,MATCH(AC1,Mapa_RA_CE!$1:$1,0),FALSE),""),"")
C7: =IFERROR(VLOOKUP($B7,Mapa_RA_CE!$A:$AD,2,FALSE),"") | F7: =IFERROR(IF(VLOOKUP($B7,Mapa_RA_CE!$A:$AD,MATCH(F1,Mapa_RA_CE!$1:$1,0),FALSE)>0,$D7*VLOOKUP($B7,Mapa_RA_CE!$A:$AD,MATCH(F1,Mapa_RA_CE!$1:$1,0),FALSE),""),"") | G7: =IFERROR(IF(VLOOKUP($B7,Mapa_RA_CE!$A:$AD,MATCH(G1,Mapa_RA_CE!$1:$1,0),FALSE)>0,$D7*VLOOKUP($B7,Mapa_RA_CE!$A:$AD,MATCH(G1,Mapa_RA_CE!$1:$1,0),FALSE),""),"") | H7: =IFERROR(IF(VLOOKUP($B7,Mapa_RA_CE!$A:$AD,MATCH(H1,Mapa_RA_CE!$1:$1,0),FALSE)>0,$D7*VLOOKUP($B7,Mapa_RA_CE!$A:$AD,MATCH(H1,Mapa_RA_CE!$1:$1,0),FALSE),""),"") | I7: =IFERROR(IF(VLOOKUP($B7,Mapa_RA_CE!$A:$AD,MATCH(I1,Mapa_RA_CE!$1:$1,0),FALSE)>0,$D7*VLOOKUP($B7,Mapa_RA_CE!$A:$AD,MATCH(I1,Mapa_RA_CE!$1:$1,0),FALSE),""),"") | J7: =IFERROR(IF(VLOOKUP($B7,Mapa_RA_CE!$A:$AD,MATCH(J1,Mapa_RA_CE!$1:$1,0),FALSE)>0,$D7*VLOOKUP($B7,Mapa_RA_CE!$A:$AD,MATCH(J1,Mapa_RA_CE!$1:$1,0),FALSE),""),"") | K7: =IFERROR(IF(VLOOKUP($B7,Mapa_RA_CE!$A:$AD,MATCH(K1,Mapa_RA_CE!$1:$1,0),FALSE)>0,$D7*VLOOKUP($B7,Mapa_RA_CE!$A:$AD,MATCH(K1,Mapa_RA_CE!$1:$1,0),FALSE),""),"") | L7: =IFERROR(IF(VLOOKUP($B7,Mapa_RA_CE!$A:$AD,MATCH(L1,Mapa_RA_CE!$1:$1,0),FALSE)>0,$D7*VLOOKUP($B7,Mapa_RA_CE!$A:$AD,MATCH(L1,Mapa_RA_CE!$1:$1,0),FALSE),""),"") | M7: =IFERROR(IF(VLOOKUP($B7,Mapa_RA_CE!$A:$AD,MATCH(M1,Mapa_RA_CE!$1:$1,0),FALSE)>0,$D7*VLOOKUP($B7,Mapa_RA_CE!$A:$AD,MATCH(M1,Mapa_RA_CE!$1:$1,0),FALSE),""),"") | ... AC7: =IFERROR(IF(VLOOKUP($B7,Mapa_RA_CE!$A:$AD,MATCH(AC1,Mapa_RA_CE!$1:$1,0),FALSE)>0,$D7*VLOOKUP($B7,Mapa_RA_CE!$A:$AD,MATCH(AC1,Mapa_RA_CE!$1:$1,0),FALSE),""),"")
C8: =IFERROR(VLOOKUP($B8,Mapa_RA_CE!$A:$AD,2,FALSE),"") | F8: =IFERROR(IF(VLOOKUP($B8,Mapa_RA_CE!$A:$AD,MATCH(F1,Mapa_RA_CE!$1:$1,0),FALSE)>0,$D8*VLOOKUP($B8,Mapa_RA_CE!$A:$AD,MATCH(F1,Mapa_RA_CE!$1:$1,0),FALSE),""),"") | G8: =IFERROR(IF(VLOOKUP($B8,Mapa_RA_CE!$A:$AD,MATCH(G1,Mapa_RA_CE!$1:$1,0),FALSE)>0,$D8*VLOOKUP($B8,Mapa_RA_CE!$A:$AD,MATCH(G1,Mapa_RA_CE!$1:$1,0),FALSE),""),"") | H8: =IFERROR(IF(VLOOKUP($B8,Mapa_RA_CE!$A:$AD,MATCH(H1,Mapa_RA_CE!$1:$1,0),FALSE)>0,$D8*VLOOKUP($B8,Mapa_RA_CE!$A:$AD,MATCH(H1,Mapa_RA_CE!$1:$1,0),FALSE),""),"") | I8: =IFERROR(IF(VLOOKUP($B8,Mapa_RA_CE!$A:$AD,MATCH(I1,Mapa_RA_CE!$1:$1,0),FALSE)>0,$D8*VLOOKUP($B8,Mapa_RA_CE!$A:$AD,MATCH(I1,Mapa_RA_CE!$1:$1,0),FALSE),""),"") | J8: =IFERROR(IF(VLOOKUP($B8,Mapa_RA_CE!$A:$AD,MATCH(J1,Mapa_RA_CE!$1:$1,0),FALSE)>0,$D8*VLOOKUP($B8,Mapa_RA_CE!$A:$AD,MATCH(J1,Mapa_RA_CE!$1:$1,0),FALSE),""),"") | K8: =IFERROR(IF(VLOOKUP($B8,Mapa_RA_CE!$A:$AD,MATCH(K1,Mapa_RA_CE!$1:$1,0),FALSE)>0,$D8*VLOOKUP($B8,Mapa_RA_CE!$A:$AD,MATCH(K1,Mapa_RA_CE!$1:$1,0),FALSE),""),"") | L8: =IFERROR(IF(VLOOKUP($B8,Mapa_RA_CE!$A:$AD,MATCH(L1,Mapa_RA_CE!$1:$1,0),FALSE)>0,$D8*VLOOKUP($B8,Mapa_RA_CE!$A:$AD,MATCH(L1,Mapa_RA_CE!$1:$1,0),FALSE),""),"") | M8: =IFERROR(IF(VLOOKUP($B8,Mapa_RA_CE!$A:$AD,MATCH(M1,Mapa_RA_CE!$1:$1,0),FALSE)>0,$D8*VLOOKUP($B8,Mapa_RA_CE!$A:$AD,MATCH(M1,Mapa_RA_CE!$1:$1,0),FALSE),""),"") | ... AC8: =IFERROR(IF(VLOOKUP($B8,Mapa_RA_CE!$A:$AD,MATCH(AC1,Mapa_RA_CE!$1:$1,0),FALSE)>0,$D8*VLOOKUP($B8,Mapa_RA_CE!$A:$AD,MATCH(AC1,Mapa_RA_CE!$1:$1,0),FALSE),""),"")
C9: =IFERROR(VLOOKUP($B9,Mapa_RA_CE!$A:$AD,2,FALSE),"") | F9: =IFERROR(IF(VLOOKUP($B9,Mapa_RA_CE!$A:$AD,MATCH(F1,Mapa_RA_CE!$1:$1,0),FALSE)>0,$D9*VLOOKUP($B9,Mapa_RA_CE!$A:$AD,MATCH(F1,Mapa_RA_CE!$1:$1,0),FALSE),""),"") | G9: =IFERROR(IF(VLOOKUP($B9,Mapa_RA_CE!$A:$AD,MATCH(G1,Mapa_RA_CE!$1:$1,0),FALSE)>0,$D9*VLOOKUP($B9,Mapa_RA_CE!$A:$AD,MATCH(G1,Mapa_RA_CE!$1:$1,0),FALSE),""),"") | H9: =IFERROR(IF(VLOOKUP($B9,Mapa_RA_CE!$A:$AD,MATCH(H1,Mapa_RA_CE!$1:$1,0),FALSE)>0,$D9*VLOOKUP($B9,Mapa_RA_CE!$A:$AD,MATCH(H1,Mapa_RA_CE!$1:$1,0),FALSE),""),"") | I9: =IFERROR(IF(VLOOKUP($B9,Mapa_RA_CE!$A:$AD,MATCH(I1,Mapa_RA_CE!$1:$1,0),FALSE)>0,$D9*VLOOKUP($B9,Mapa_RA_CE!$A:$AD,MATCH(I1,Mapa_RA_CE!$1:$1,0),FALSE),""),"") | J9: =IFERROR(IF(VLOOKUP($B9,Mapa_RA_CE!$A:$AD,MATCH(J1,Mapa_RA_CE!$1:$1,0),FALSE)>0,$D9*VLOOKUP($B9,Mapa_RA_CE!$A:$AD,MATCH(J1,Mapa_RA_CE!$1:$1,0),FALSE),""),"") | K9: =IFERROR(IF(VLOOKUP($B9,Mapa_RA_CE!$A:$AD,MATCH(K1,Mapa_RA_CE!$1:$1,0),FALSE)>0,$D9*VLOOKUP($B9,Mapa_RA_CE!$A:$AD,MATCH(K1,Mapa_RA_CE!$1:$1,0),FALSE),""),"") | L9: =IFERROR(IF(VLOOKUP($B9,Mapa_RA_CE!$A:$AD,MATCH(L1,Mapa_RA_CE!$1:$1,0),FALSE)>0,$D9*VLOOKUP($B9,Mapa_RA_CE!$A:$AD,MATCH(L1,Mapa_RA_CE!$1:$1,0),FALSE),""),"") | M9: =IFERROR(IF(VLOOKUP($B9,Mapa_RA_CE!$A:$AD,MATCH(M1,Mapa_RA_CE!$1:$1,0),FALSE)>0,$D9*VLOOKUP($B9,Mapa_RA_CE!$A:$AD,MATCH(M1,Mapa_RA_CE!$1:$1,0),FALSE),""),"") | ... AC9: =IFERROR(IF(VLOOKUP($B9,Mapa_RA_CE!$A:$AD,MATCH(AC1,Mapa_RA_CE!$1:$1,0),FALSE)>0,$D9*VLOOKUP($B9,Mapa_RA_CE!$A:$AD,MATCH(AC1,Mapa_RA_CE!$1:$1,0),FALSE),""),"")
C10: =IFERROR(VLOOKUP($B10,Mapa_RA_CE!$A:$AD,2,FALSE),"") | F10: =IFERROR(IF(VLOOKUP($B10,Mapa_RA_CE!$A:$AD,MATCH(F1,Mapa_RA_CE!$1:$1,0),FALSE)>0,$D10*VLOOKUP($B10,Mapa_RA_CE!$A:$AD,MATCH(F1,Mapa_RA_CE!$1:$1,0),FALSE),""),"") | G10: =IFERROR(IF(VLOOKUP($B10,Mapa_RA_CE!$A:$AD,MATCH(G1,Mapa_RA_CE!$1:$1,0),FALSE)>0,$D10*VLOOKUP($B10,Mapa_RA_CE!$A:$AD,MATCH(G1,Mapa_RA_CE!$1:$1,0),FALSE),""),"") | H10: =IFERROR(IF(VLOOKUP($B10,Mapa_RA_CE!$A:$AD,MATCH(H1,Mapa_RA_CE!$1:$1,0),FALSE)>0,$D10*VLOOKUP($B10,Mapa_RA_CE!$A:$AD,MATCH(H1,Mapa_RA_CE!$1:$1,0),FALSE),""),"") | I10: =IFERROR(IF(VLOOKUP($B10,Mapa_RA_CE!$A:$AD,MATCH(I1,Mapa_RA_CE!$1:$1,0),FALSE)>0,$D10*VLOOKUP($B10,Mapa_RA_CE!$A:$AD,MATCH(I1,Mapa_RA_CE!$1:$1,0),FALSE),""),"") | J10: =IFERROR(IF(VLOOKUP($B10,Mapa_RA_CE!$A:$AD,MATCH(J1,Mapa_RA_CE!$1:$1,0),FALSE)>0,$D10*VLOOKUP($B10,Mapa_RA_CE!$A:$AD,MATCH(J1,Mapa_RA_CE!$1:$1,0),FALSE),""),"") | K10: =IFERROR(IF(VLOOKUP($B10,Mapa_RA_CE!$A:$AD,MATCH(K1,Mapa_RA_CE!$1:$1,0),FALSE)>0,$D10*VLOOKUP($B10,Mapa_RA_CE!$A:$AD,MATCH(K1,Mapa_RA_CE!$1:$1,0),FALSE),""),"") | L10: =IFERROR(IF(VLOOKUP($B10,Mapa_RA_CE!$A:$AD,MATCH(L1,Mapa_RA_CE!$1:$1,0),FALSE)>0,$D10*VLOOKUP($B10,Mapa_RA_CE!$A:$AD,MATCH(L1,Mapa_RA_CE!$1:$1,0),FALSE),""),"") | M10: =IFERROR(IF(VLOOKUP($B10,Mapa_RA_CE!$A:$AD,MATCH(M1,Mapa_RA_CE!$1:$1,0),FALSE)>0,$D10*VLOOKUP($B10,Mapa_RA_CE!$A:$AD,MATCH(M1,Mapa_RA_CE!$1:$1,0),FALSE),""),"") | ... AC10: =IFERROR(IF(VLOOKUP($B10,Mapa_RA_CE!$A:$AD,MATCH(AC1,Mapa_RA_CE!$1:$1,0),FALSE)>0,$D10*VLOOKUP($B10,Mapa_RA_CE!$A:$AD,MATCH(AC1,Mapa_RA_CE!$1:$1,0),FALSE),""),"")
C11: =IFERROR(VLOOKUP($B11,Mapa_RA_CE!$A:$AD,2,FALSE),"") | F11: =IFERROR(IF(VLOOKUP($B11,Mapa_RA_CE!$A:$AD,MATCH(F1,Mapa_RA_CE!$1:$1,0),FALSE)>0,$D11*VLOOKUP($B11,Mapa_RA_CE!$A:$AD,MATCH(F1,Mapa_RA_CE!$1:$1,0),FALSE),""),"") | G11: =IFERROR(IF(VLOOKUP($B11,Mapa_RA_CE!$A:$AD,MATCH(G1,Mapa_RA_CE!$1:$1,0),FALSE)>0,$D11*VLOOKUP($B11,Mapa_RA_CE!$A:$AD,MATCH(G1,Mapa_RA_CE!$1:$1,0),FALSE),""),"") | H11: =IFERROR(IF(VLOOKUP($B11,Mapa_RA_CE!$A:$AD,MATCH(H1,Mapa_RA_CE!$1:$1,0),FALSE)>0,$D11*VLOOKUP($B11,Mapa_RA_CE!$A:$AD,MATCH(H1,Mapa_RA_CE!$1:$1,0),FALSE),""),"") | I11: =IFERROR(IF(VLOOKUP($B11,Mapa_RA_CE!$A:$AD,MATCH(I1,Mapa_RA_CE!$1:$1,0),FALSE)>0,$D11*VLOOKUP($B11,Mapa_RA_CE!$A:$AD,MATCH(I1,Mapa_RA_CE!$1:$1,0),FALSE),""),"") | J11: =IFERROR(IF(VLOOKUP($B11,Mapa_RA_CE!$A:$AD,MATCH(J1,Mapa_RA_CE!$1:$1,0),FALSE)>0,$D11*VLOOKUP($B11,Mapa_RA_CE!$A:$AD,MATCH(J1,Mapa_RA_CE!$1:$1,0),FALSE),""),"") | K11: =IFERROR(IF(VLOOKUP($B11,Mapa_RA_CE!$A:$AD,MATCH(K1,Mapa_RA_CE!$1:$1,0),FALSE)>0,$D11*VLOOKUP($B11,Mapa_RA_CE!$A:$AD,MATCH(K1,Mapa_RA_CE!$1:$1,0),FALSE),""),"") | L11: =IFERROR(IF(VLOOKUP($B11,Mapa_RA_CE!$A:$AD,MATCH(L1,Mapa_RA_CE!$1:$1,0),FALSE)>0,$D11*VLOOKUP($B11,Mapa_RA_CE!$A:$AD,MATCH(L1,Mapa_RA_CE!$1:$1,0),FALSE),""),"") | M11: =IFERROR(IF(VLOOKUP($B11,Mapa_RA_CE!$A:$AD,MATCH(M1,Mapa_RA_CE!$1:$1,0),FALSE)>0,$D11*VLOOKUP($B11,Mapa_RA_CE!$A:$AD,MATCH(M1,Mapa_RA_CE!$1:$1,0),FALSE),""),"") | ... AC11: =IFERROR(IF(VLOOKUP($B11,Mapa_RA_CE!$A:$AD,MATCH(AC1,Mapa_RA_CE!$1:$1,0),FALSE)>0,$D11*VLOOKUP($B11,Mapa_RA_CE!$A:$AD,MATCH(AC1,Mapa_RA_CE!$1:$1,0),FALSE),""),"")
C12: =IFERROR(VLOOKUP($B12,Mapa_RA_CE!$A:$AD,2,FALSE),"") | F12: =IFERROR(IF(VLOOKUP($B12,Mapa_RA_CE!$A:$AD,MATCH(F1,Mapa_RA_CE!$1:$1,0),FALSE)>0,$D12*VLOOKUP($B12,Mapa_RA_CE!$A:$AD,MATCH(F1,Mapa_RA_CE!$1:$1,0),FALSE),""),"") | G12: =IFERROR(IF(VLOOKUP($B12,Mapa_RA_CE!$A:$AD,MATCH(G1,Mapa_RA_CE!$1:$1,0),FALSE)>0,$D12*VLOOKUP($B12,Mapa_RA_CE!$A:$AD,MATCH(G1,Mapa_RA_CE!$1:$1,0),FALSE),""),"") | H12: =IFERROR(IF(VLOOKUP($B12,Mapa_RA_CE!$A:$AD,MATCH(H1,Mapa_RA_CE!$1:$1,0),FALSE)>0,$D12*VLOOKUP($B12,Mapa_RA_CE!$A:$AD,MATCH(H1,Mapa_RA_CE!$1:$1,0),FALSE),""),"") | I12: =IFERROR(IF(VLOOKUP($B12,Mapa_RA_CE!$A:$AD,MATCH(I1,Mapa_RA_CE!$1:$1,0),FALSE)>0,$D12*VLOOKUP($B12,Mapa_RA_CE!$A:$AD,MATCH(I1,Mapa_RA_CE!$1:$1,0),FALSE),""),"") | J12: =IFERROR(IF(VLOOKUP($B12,Mapa_RA_CE!$A:$AD,MATCH(J1,Mapa_RA_CE!$1:$1,0),FALSE)>0,$D12*VLOOKUP($B12,Mapa_RA_CE!$A:$AD,MATCH(J1,Mapa_RA_CE!$1:$1,0),FALSE),""),"") | K12: =IFERROR(IF(VLOOKUP($B12,Mapa_RA_CE!$A:$AD,MATCH(K1,Mapa_RA_CE!$1:$1,0),FALSE)>0,$D12*VLOOKUP($B12,Mapa_RA_CE!$A:$AD,MATCH(K1,Mapa_RA_CE!$1:$1,0),FALSE),""),"") | L12: =IFERROR(IF(VLOOKUP($B12,Mapa_RA_CE!$A:$AD,MATCH(L1,Mapa_RA_CE!$1:$1,0),FALSE)>0,$D12*VLOOKUP($B12,Mapa_RA_CE!$A:$AD,MATCH(L1,Mapa_RA_CE!$1:$1,0),FALSE),""),"") | M12: =IFERROR(IF(VLOOKUP($B12,Mapa_RA_CE!$A:$AD,MATCH(M1,Mapa_RA_CE!$1:$1,0),FALSE)>0,$D12*VLOOKUP($B12,Mapa_RA_CE!$A:$AD,MATCH(M1,Mapa_RA_CE!$1:$1,0),FALSE),""),"") | ... AC12: =IFERROR(IF(VLOOKUP($B12,Mapa_RA_CE!$A:$AD,MATCH(AC1,Mapa_RA_CE!$1:$1,0),FALSE)>0,$D12*VLOOKUP($B12,Mapa_RA_CE!$A:$AD,MATCH(AC1,Mapa_RA_CE!$1:$1,0),FALSE),""),"")
C13: =IFERROR(VLOOKUP($B13,Mapa_RA_CE!$A:$AD,2,FALSE),"") | F13: =IFERROR(IF(VLOOKUP($B13,Mapa_RA_CE!$A:$AD,MATCH(F1,Mapa_RA_CE!$1:$1,0),FALSE)>0,$D13*VLOOKUP($B13,Mapa_RA_CE!$A:$AD,MATCH(F1,Mapa_RA_CE!$1:$1,0),FALSE),""),"") | G13: =IFERROR(IF(VLOOKUP($B13,Mapa_RA_CE!$A:$AD,MATCH(G1,Mapa_RA_CE!$1:$1,0),FALSE)>0,$D13*VLOOKUP($B13,Mapa_RA_CE!$A:$AD,MATCH(G1,Mapa_RA_CE!$1:$1,0),FALSE),""),"") | H13: =IFERROR(IF(VLOOKUP($B13,Mapa_RA_CE!$A:$AD,MATCH(H1,Mapa_RA_CE!$1:$1,0),FALSE)>0,$D13*VLOOKUP($B13,Mapa_RA_CE!$A:$AD,MATCH(H1,Mapa_RA_CE!$1:$1,0),FALSE),""),"") | I13: =IFERROR(IF(VLOOKUP($B13,Mapa_RA_CE!$A:$AD,MATCH(I1,Mapa_RA_CE!$1:$1,0),FALSE)>0,$D13*VLOOKUP($B13,Mapa_RA_CE!$A:$AD,MATCH(I1,Mapa_RA_CE!$1:$1,0),FALSE),""),"") | J13: =IFERROR(IF(VLOOKUP($B13,Mapa_RA_CE!$A:$AD,MATCH(J1,Mapa_RA_CE!$1:$1,0),FALSE)>0,$D13*VLOOKUP($B13,Mapa_RA_CE!$A:$AD,MATCH(J1,Mapa_RA_CE!$1:$1,0),FALSE),""),"") | K13: =IFERROR(IF(VLOOKUP($B13,Mapa_RA_CE!$A:$AD,MATCH(K1,Mapa_RA_CE!$1:$1,0),FALSE)>0,$D13*VLOOKUP($B13,Mapa_RA_CE!$A:$AD,MATCH(K1,Mapa_RA_CE!$1:$1,0),FALSE),""),"") | L13: =IFERROR(IF(VLOOKUP($B13,Mapa_RA_CE!$A:$AD,MATCH(L1,Mapa_RA_CE!$1:$1,0),FALSE)>0,$D13*VLOOKUP($B13,Mapa_RA_CE!$A:$AD,MATCH(L1,Mapa_RA_CE!$1:$1,0),FALSE),""),"") | M13: =IFERROR(IF(VLOOKUP($B13,Mapa_RA_CE!$A:$AD,MATCH(M1,Mapa_RA_CE!$1:$1,0),FALSE)>0,$D13*VLOOKUP($B13,Mapa_RA_CE!$A:$AD,MATCH(M1,Mapa_RA_CE!$1:$1,0),FALSE),""),"") | ... AC13: =IFERROR(IF(VLOOKUP($B13,Mapa_RA_CE!$A:$AD,MATCH(AC1,Mapa_RA_CE!$1:$1,0),FALSE)>0,$D13*VLOOKUP($B13,Mapa_RA_CE!$A:$AD,MATCH(AC1,Mapa_RA_CE!$1:$1,0),FALSE),""),"")
C14: =IFERROR(VLOOKUP($B14,Mapa_RA_CE!$A:$AD,2,FALSE),"") | F14: =IFERROR(IF(VLOOKUP($B14,Mapa_RA_CE!$A:$AD,MATCH(F1,Mapa_RA_CE!$1:$1,0),FALSE)>0,$D14*VLOOKUP($B14,Mapa_RA_CE!$A:$AD,MATCH(F1,Mapa_RA_CE!$1:$1,0),FALSE),""),"") | G14: =IFERROR(IF(VLOOKUP($B14,Mapa_RA_CE!$A:$AD,MATCH(G1,Mapa_RA_CE!$1:$1,0),FALSE)>0,$D14*VLOOKUP($B14,Mapa_RA_CE!$A:$AD,MATCH(G1,Mapa_RA_CE!$1:$1,0),FALSE),""),"") | H14: =IFERROR(IF(VLOOKUP($B14,Mapa_RA_CE!$A:$AD,MATCH(H1,Mapa_RA_CE!$1:$1,0),FALSE)>0,$D14*VLOOKUP($B14,Mapa_RA_CE!$A:$AD,MATCH(H1,Mapa_RA_CE!$1:$1,0),FALSE),""),"") | I14: =IFERROR(IF(VLOOKUP($B14,Mapa_RA_CE!$A:$AD,MATCH(I1,Mapa_RA_CE!$1:$1,0),FALSE)>0,$D14*VLOOKUP($B14,Mapa_RA_CE!$A:$AD,MATCH(I1,Mapa_RA_CE!$1:$1,0),FALSE),""),"") | J14: =IFERROR(IF(VLOOKUP($B14,Mapa_RA_CE!$A:$AD,MATCH(J1,Mapa_RA_CE!$1:$1,0),FALSE)>0,$D14*VLOOKUP($B14,Mapa_RA_CE!$A:$AD,MATCH(J1,Mapa_RA_CE!$1:$1,0),FALSE),""),"") | K14: =IFERROR(IF(VLOOKUP($B14,Mapa_RA_CE!$A:$AD,MATCH(K1,Mapa_RA_CE!$1:$1,0),FALSE)>0,$D14*VLOOKUP($B14,Mapa_RA_CE!$A:$AD,MATCH(K1,Mapa_RA_CE!$1:$1,0),FALSE),""),"") | L14: =IFERROR(IF(VLOOKUP($B14,Mapa_RA_CE!$A:$AD,MATCH(L1,Mapa_RA_CE!$1:$1,0),FALSE)>0,$D14*VLOOKUP($B14,Mapa_RA_CE!$A:$AD,MATCH(L1,Mapa_RA_CE!$1:$1,0),FALSE),""),"") | M14: =IFERROR(IF(VLOOKUP($B14,Mapa_RA_CE!$A:$AD,MATCH(M1,Mapa_RA_CE!$1:$1,0),FALSE)>0,$D14*VLOOKUP($B14,Mapa_RA_CE!$A:$AD,MATCH(M1,Mapa_RA_CE!$1:$1,0),FALSE),""),"") | ... AC14: =IFERROR(IF(VLOOKUP($B14,Mapa_RA_CE!$A:$AD,MATCH(AC1,Mapa_RA_CE!$1:$1,0),FALSE)>0,$D14*VLOOKUP($B14,Mapa_RA_CE!$A:$AD,MATCH(AC1,Mapa_RA_CE!$1:$1,0),FALSE),""),"")
C15: =IFERROR(VLOOKUP($B15,Mapa_RA_CE!$A:$AD,2,FALSE),"") | F15: =IFERROR(IF(VLOOKUP($B15,Mapa_RA_CE!$A:$AD,MATCH(F1,Mapa_RA_CE!$1:$1,0),FALSE)>0,$D15*VLOOKUP($B15,Mapa_RA_CE!$A:$AD,MATCH(F1,Mapa_RA_CE!$1:$1,0),FALSE),""),"") | G15: =IFERROR(IF(VLOOKUP($B15,Mapa_RA_CE!$A:$AD,MATCH(G1,Mapa_RA_CE!$1:$1,0),FALSE)>0,$D15*VLOOKUP($B15,Mapa_RA_CE!$A:$AD,MATCH(G1,Mapa_RA_CE!$1:$1,0),FALSE),""),"") | H15: =IFERROR(IF(VLOOKUP($B15,Mapa_RA_CE!$A:$AD,MATCH(H1,Mapa_RA_CE!$1:$1,0),FALSE)>0,$D15*VLOOKUP($B15,Mapa_RA_CE!$A:$AD,MATCH(H1,Mapa_RA_CE!$1:$1,0),FALSE),""),"") | I15: =IFERROR(IF(VLOOKUP($B15,Mapa_RA_CE!$A:$AD,MATCH(I1,Mapa_RA_CE!$1:$1,0),FALSE)>0,$D15*VLOOKUP($B15,Mapa_RA_CE!$A:$AD,MATCH(I1,Mapa_RA_CE!$1:$1,0),FALSE),""),"") | J15: =IFERROR(IF(VLOOKUP($B15,Mapa_RA_CE!$A:$AD,MATCH(J1,Mapa_RA_CE!$1:$1,0),FALSE)>0,$D15*VLOOKUP($B15,Mapa_RA_CE!$A:$AD,MATCH(J1,Mapa_RA_CE!$1:$1,0),FALSE),""),"") | K15: =IFERROR(IF(VLOOKUP($B15,Mapa_RA_CE!$A:$AD,MATCH(K1,Mapa_RA_CE!$1:$1,0),FALSE)>0,$D15*VLOOKUP($B15,Mapa_RA_CE!$A:$AD,MATCH(K1,Mapa_RA_CE!$1:$1,0),FALSE),""),"") | L15: =IFERROR(IF(VLOOKUP($B15,Mapa_RA_CE!$A:$AD,MATCH(L1,Mapa_RA_CE!$1:$1,0),FALSE)>0,$D15*VLOOKUP($B15,Mapa_RA_CE!$A:$AD,MATCH(L1,Mapa_RA_CE!$1:$1,0),FALSE),""),"") | M15: =IFERROR(IF(VLOOKUP($B15,Mapa_RA_CE!$A:$AD,MATCH(M1,Mapa_RA_CE!$1:$1,0),FALSE)>0,$D15*VLOOKUP($B15,Mapa_RA_CE!$A:$AD,MATCH(M1,Mapa_RA_CE!$1:$1,0),FALSE),""),"") | ... AC15: =IFERROR(IF(VLOOKUP($B15,Mapa_RA_CE!$A:$AD,MATCH(AC1,Mapa_RA_CE!$1:$1,0),FALSE)>0,$D15*VLOOKUP($B15,Mapa_RA_CE!$A:$AD,MATCH(AC1,Mapa_RA_CE!$1:$1,0),FALSE),""),"")
C16: =IFERROR(VLOOKUP($B16,Mapa_RA_CE!$A:$AD,2,FALSE),"") | F16: =IFERROR(IF(VLOOKUP($B16,Mapa_RA_CE!$A:$AD,MATCH(F1,Mapa_RA_CE!$1:$1,0),FALSE)>0,$D16*VLOOKUP($B16,Mapa_RA_CE!$A:$AD,MATCH(F1,Mapa_RA_CE!$1:$1,0),FALSE),""),"") | G16: =IFERROR(IF(VLOOKUP($B16,Mapa_RA_CE!$A:$AD,MATCH(G1,Mapa_RA_CE!$1:$1,0),FALSE)>0,$D16*VLOOKUP($B16,Mapa_RA_CE!$A:$AD,MATCH(G1,Mapa_RA_CE!$1:$1,0),FALSE),""),"") | H16: =IFERROR(IF(VLOOKUP($B16,Mapa_RA_CE!$A:$AD,MATCH(H1,Mapa_RA_CE!$1:$1,0),FALSE)>0,$D16*VLOOKUP($B16,Mapa_RA_CE!$A:$AD,MATCH(H1,Mapa_RA_CE!$1:$1,0),FALSE),""),"") | I16: =IFERROR(IF(VLOOKUP($B16,Mapa_RA_CE!$A:$AD,MATCH(I1,Mapa_RA_CE!$1:$1,0),FALSE)>0,$D16*VLOOKUP($B16,Mapa_RA_CE!$A:$AD,MATCH(I1,Mapa_RA_CE!$1:$1,0),FALSE),""),"") | J16: =IFERROR(IF(VLOOKUP($B16,Mapa_RA_CE!$A:$AD,MATCH(J1,Mapa_RA_CE!$1:$1,0),FALSE)>0,$D16*VLOOKUP($B16,Mapa_RA_CE!$A:$AD,MATCH(J1,Mapa_RA_CE!$1:$1,0),FALSE),""),"") | K16: =IFERROR(IF(VLOOKUP($B16,Mapa_RA_CE!$A:$AD,MATCH(K1,Mapa_RA_CE!$1:$1,0),FALSE)>0,$D16*VLOOKUP($B16,Mapa_RA_CE!$A:$AD,MATCH(K1,Mapa_RA_CE!$1:$1,0),FALSE),""),"") | L16: =IFERROR(IF(VLOOKUP($B16,Mapa_RA_CE!$A:$AD,MATCH(L1,Mapa_RA_CE!$1:$1,0),FALSE)>0,$D16*VLOOKUP($B16,Mapa_RA_CE!$A:$AD,MATCH(L1,Mapa_RA_CE!$1:$1,0),FALSE),""),"") | M16: =IFERROR(IF(VLOOKUP($B16,Mapa_RA_CE!$A:$AD,MATCH(M1,Mapa_RA_CE!$1:$1,0),FALSE)>0,$D16*VLOOKUP($B16,Mapa_RA_CE!$A:$AD,MATCH(M1,Mapa_RA_CE!$1:$1,0),FALSE),""),"") | ... AC16: =IFERROR(IF(VLOOKUP($B16,Mapa_RA_CE!$A:$AD,MATCH(AC1,Mapa_RA_CE!$1:$1,0),FALSE)>0,$D16*VLOOKUP($B16,Mapa_RA_CE!$A:$AD,MATCH(AC1,Mapa_RA_CE!$1:$1,0),FALSE),""),"")
C17: =IFERROR(VLOOKUP($B17,Mapa_RA_CE!$A:$AD,2,FALSE),"") | F17: =IFERROR(IF(VLOOKUP($B17,Mapa_RA_CE!$A:$AD,MATCH(F1,Mapa_RA_CE!$1:$1,0),FALSE)>0,$D17*VLOOKUP($B17,Mapa_RA_CE!$A:$AD,MATCH(F1,Mapa_RA_CE!$1:$1,0),FALSE),""),"") | G17: =IFERROR(IF(VLOOKUP($B17,Mapa_RA_CE!$A:$AD,MATCH(G1,Mapa_RA_CE!$1:$1,0),FALSE)>0,$D17*VLOOKUP($B17,Mapa_RA_CE!$A:$AD,MATCH(G1,Mapa_RA_CE!$1:$1,0),FALSE),""),"") | H17: =IFERROR(IF(VLOOKUP($B17,Mapa_RA_CE!$A:$AD,MATCH(H1,Mapa_RA_CE!$1:$1,0),FALSE)>0,$D17*VLOOKUP($B17,Mapa_RA_CE!$A:$AD,MATCH(H1,Mapa_RA_CE!$1:$1,0),FALSE),""),"") | I17: =IFERROR(IF(VLOOKUP($B17,Mapa_RA_CE!$A:$AD,MATCH(I1,Mapa_RA_CE!$1:$1,0),FALSE)>0,$D17*VLOOKUP($B17,Mapa_RA_CE!$A:$AD,MATCH(I1,Mapa_RA_CE!$1:$1,0),FALSE),""),"") | J17: =IFERROR(IF(VLOOKUP($B17,Mapa_RA_CE!$A:$AD,MATCH(J1,Mapa_RA_CE!$1:$1,0),FALSE)>0,$D17*VLOOKUP($B17,Mapa_RA_CE!$A:$AD,MATCH(J1,Mapa_RA_CE!$1:$1,0),FALSE),""),"") | K17: =IFERROR(IF(VLOOKUP($B17,Mapa_RA_CE!$A:$AD,MATCH(K1,Mapa_RA_CE!$1:$1,0),FALSE)>0,$D17*VLOOKUP($B17,Mapa_RA_CE!$A:$AD,MATCH(K1,Mapa_RA_CE!$1:$1,0),FALSE),""),"") | L17: =IFERROR(IF(VLOOKUP($B17,Mapa_RA_CE!$A:$AD,MATCH(L1,Mapa_RA_CE!$1:$1,0),FALSE)>0,$D17*VLOOKUP($B17,Mapa_RA_CE!$A:$AD,MATCH(L1,Mapa_RA_CE!$1:$1,0),FALSE),""),"") | M17: =IFERROR(IF(VLOOKUP($B17,Mapa_RA_CE!$A:$AD,MATCH(M1,Mapa_RA_CE!$1:$1,0),FALSE)>0,$D17*VLOOKUP($B17,Mapa_RA_CE!$A:$AD,MATCH(M1,Mapa_RA_CE!$1:$1,0),FALSE),""),"") | ... AC17: =IFERROR(IF(VLOOKUP($B17,Mapa_RA_CE!$A:$AD,MATCH(AC1,Mapa_RA_CE!$1:$1,0),FALSE)>0,$D17*VLOOKUP($B17,Mapa_RA_CE!$A:$AD,MATCH(AC1,Mapa_RA_CE!$1:$1,0),FALSE),""),"")
C18: =IFERROR(VLOOKUP($B18,Mapa_RA_CE!$A:$AD,2,FALSE),"") | F18: =IFERROR(IF(VLOOKUP($B18,Mapa_RA_CE!$A:$AD,MATCH(F1,Mapa_RA_CE!$1:$1,0),FALSE)>0,$D18*VLOOKUP($B18,Mapa_RA_CE!$A:$AD,MATCH(F1,Mapa_RA_CE!$1:$1,0),FALSE),""),"") | G18: =IFERROR(IF(VLOOKUP($B18,Mapa_RA_CE!$A:$AD,MATCH(G1,Mapa_RA_CE!$1:$1,0),FALSE)>0,$D18*VLOOKUP($B18,Mapa_RA_CE!$A:$AD,MATCH(G1,Mapa_RA_CE!$1:$1,0),FALSE),""),"") | H18: =IFERROR(IF(VLOOKUP($B18,Mapa_RA_CE!$A:$AD,MATCH(H1,Mapa_RA_CE!$1:$1,0),FALSE)>0,$D18*VLOOKUP($B18,Mapa_RA_CE!$A:$AD,MATCH(H1,Mapa_RA_CE!$1:$1,0),FALSE),""),"") | I18: =IFERROR(IF(VLOOKUP($B18,Mapa_RA_CE!$A:$AD,MATCH(I1,Mapa_RA_CE!$1:$1,0),FALSE)>0,$D18*VLOOKUP($B18,Mapa_RA_CE!$A:$AD,MATCH(I1,Mapa_RA_CE!$1:$1,0),FALSE),""),"") | J18: =IFERROR(IF(VLOOKUP($B18,Mapa_RA_CE!$A:$AD,MATCH(J1,Mapa_RA_CE!$1:$1,0),FALSE)>0,$D18*VLOOKUP($B18,Mapa_RA_CE!$A:$AD,MATCH(J1,Mapa_RA_CE!$1:$1,0),FALSE),""),"") | K18: =IFERROR(IF(VLOOKUP($B18,Mapa_RA_CE!$A:$AD,MATCH(K1,Mapa_RA_CE!$1:$1,0),FALSE)>0,$D18*VLOOKUP($B18,Mapa_RA_CE!$A:$AD,MATCH(K1,Mapa_RA_CE!$1:$1,0),FALSE),""),"") | L18: =IFERROR(IF(VLOOKUP($B18,Mapa_RA_CE!$A:$AD,MATCH(L1,Mapa_RA_CE!$1:$1,0),FALSE)>0,$D18*VLOOKUP($B18,Mapa_RA_CE!$A:$AD,MATCH(L1,Mapa_RA_CE!$1:$1,0),FALSE),""),"") | M18: =IFERROR(IF(VLOOKUP($B18,Mapa_RA_CE!$A:$AD,MATCH(M1,Mapa_RA_CE!$1:$1,0),FALSE)>0,$D18*VLOOKUP($B18,Mapa_RA_CE!$A:$AD,MATCH(M1,Mapa_RA_CE!$1:$1,0),FALSE),""),"") | ... AC18: =IFERROR(IF(VLOOKUP($B18,Mapa_RA_CE!$A:$AD,MATCH(AC1,Mapa_RA_CE!$1:$1,0),FALSE)>0,$D18*VLOOKUP($B18,Mapa_RA_CE!$A:$AD,MATCH(AC1,Mapa_RA_CE!$1:$1,0),FALSE),""),"")
C19: =IFERROR(VLOOKUP($B19,Mapa_RA_CE!$A:$AD,2,FALSE),"") | F19: =IFERROR(IF(VLOOKUP($B19,Mapa_RA_CE!$A:$AD,MATCH(F1,Mapa_RA_CE!$1:$1,0),FALSE)>0,$D19*VLOOKUP($B19,Mapa_RA_CE!$A:$AD,MATCH(F1,Mapa_RA_CE!$1:$1,0),FALSE),""),"") | G19: =IFERROR(IF(VLOOKUP($B19,Mapa_RA_CE!$A:$AD,MATCH(G1,Mapa_RA_CE!$1:$1,0),FALSE)>0,$D19*VLOOKUP($B19,Mapa_RA_CE!$A:$AD,MATCH(G1,Mapa_RA_CE!$1:$1,0),FALSE),""),"") | H19: =IFERROR(IF(VLOOKUP($B19,Mapa_RA_CE!$A:$AD,MATCH(H1,Mapa_RA_CE!$1:$1,0),FALSE)>0,$D19*VLOOKUP($B19,Mapa_RA_CE!$A:$AD,MATCH(H1,Mapa_RA_CE!$1:$1,0),FALSE),""),"") | I19: =IFERROR(IF(VLOOKUP($B19,Mapa_RA_CE!$A:$AD,MATCH(I1,Mapa_RA_CE!$1:$1,0),FALSE)>0,$D19*VLOOKUP($B19,Mapa_RA_CE!$A:$AD,MATCH(I1,Mapa_RA_CE!$1:$1,0),FALSE),""),"") | J19: =IFERROR(IF(VLOOKUP($B19,Mapa_RA_CE!$A:$AD,MATCH(J1,Mapa_RA_CE!$1:$1,0),FALSE)>0,$D19*VLOOKUP($B19,Mapa_RA_CE!$A:$AD,MATCH(J1,Mapa_RA_CE!$1:$1,0),FALSE),""),"") | K19: =IFERROR(IF(VLOOKUP($B19,Mapa_RA_CE!$A:$AD,MATCH(K1,Mapa_RA_CE!$1:$1,0),FALSE)>0,$D19*VLOOKUP($B19,Mapa_RA_CE!$A:$AD,MATCH(K1,Mapa_RA_CE!$1:$1,0),FALSE),""),"") | L19: =IFERROR(IF(VLOOKUP($B19,Mapa_RA_CE!$A:$AD,MATCH(L1,Mapa_RA_CE!$1:$1,0),FALSE)>0,$D19*VLOOKUP($B19,Mapa_RA_CE!$A:$AD,MATCH(L1,Mapa_RA_CE!$1:$1,0),FALSE),""),"") | M19: =IFERROR(IF(VLOOKUP($B19,Mapa_RA_CE!$A:$AD,MATCH(M1,Mapa_RA_CE!$1:$1,0),FALSE)>0,$D19*VLOOKUP($B19,Mapa_RA_CE!$A:$AD,MATCH(M1,Mapa_RA_CE!$1:$1,0),FALSE),""),"") | ... AC19: =IFERROR(IF(VLOOKUP($B19,Mapa_RA_CE!$A:$AD,MATCH(AC1,Mapa_RA_CE!$1:$1,0),FALSE)>0,$D19*VLOOKUP($B19,Mapa_RA_CE!$A:$AD,MATCH(AC1,Mapa_RA_CE!$1:$1,0),FALSE),""),"")
C20: =IFERROR(VLOOKUP($B20,Mapa_RA_CE!$A:$AD,2,FALSE),"") | F20: =IFERROR(IF(VLOOKUP($B20,Mapa_RA_CE!$A:$AD,MATCH(F1,Mapa_RA_CE!$1:$1,0),FALSE)>0,$D20*VLOOKUP($B20,Mapa_RA_CE!$A:$AD,MATCH(F1,Mapa_RA_CE!$1:$1,0),FALSE),""),"") | G20: =IFERROR(IF(VLOOKUP($B20,Mapa_RA_CE!$A:$AD,MATCH(G1,Mapa_RA_CE!$1:$1,0),FALSE)>0,$D20*VLOOKUP($B20,Mapa_RA_CE!$A:$AD,MATCH(G1,Mapa_RA_CE!$1:$1,0),FALSE),""),"") | H20: =IFERROR(IF(VLOOKUP($B20,Mapa_RA_CE!$A:$AD,MATCH(H1,Mapa_RA_CE!$1:$1,0),FALSE)>0,$D20*VLOOKUP($B20,Mapa_RA_CE!$A:$AD,MATCH(H1,Mapa_RA_CE!$1:$1,0),FALSE),""),"") | I20: =IFERROR(IF(VLOOKUP($B20,Mapa_RA_CE!$A:$AD,MATCH(I1,Mapa_RA_CE!$1:$1,0),FALSE)>0,$D20*VLOOKUP($B20,Mapa_RA_CE!$A:$AD,MATCH(I1,Mapa_RA_CE!$1:$1,0),FALSE),""),"") | J20: =IFERROR(IF(VLOOKUP($B20,Mapa_RA_CE!$A:$AD,MATCH(J1,Mapa_RA_CE!$1:$1,0),FALSE)>0,$D20*VLOOKUP($B20,Mapa_RA_CE!$A:$AD,MATCH(J1,Mapa_RA_CE!$1:$1,0),FALSE),""),"") | K20: =IFERROR(IF(VLOOKUP($B20,Mapa_RA_CE!$A:$AD,MATCH(K1,Mapa_RA_CE!$1:$1,0),FALSE)>0,$D20*VLOOKUP($B20,Mapa_RA_CE!$A:$AD,MATCH(K1,Mapa_RA_CE!$1:$1,0),FALSE),""),"") | L20: =IFERROR(IF(VLOOKUP($B20,Mapa_RA_CE!$A:$AD,MATCH(L1,Mapa_RA_CE!$1:$1,0),FALSE)>0,$D20*VLOOKUP($B20,Mapa_RA_CE!$A:$AD,MATCH(L1,Mapa_RA_CE!$1:$1,0),FALSE),""),"") | M20: =IFERROR(IF(VLOOKUP($B20,Mapa_RA_CE!$A:$AD,MATCH(M1,Mapa_RA_CE!$1:$1,0),FALSE)>0,$D20*VLOOKUP($B20,Mapa_RA_CE!$A:$AD,MATCH(M1,Mapa_RA_CE!$1:$1,0),FALSE),""),"") | ... AC20: =IFERROR(IF(VLOOKUP($B20,Mapa_RA_CE!$A:$AD,MATCH(AC1,Mapa_RA_CE!$1:$1,0),FALSE)>0,$D20*VLOOKUP($B20,Mapa_RA_CE!$A:$AD,MATCH(AC1,Mapa_RA_CE!$1:$1,0),FALSE),""),"")
C21: =IFERROR(VLOOKUP($B21,Mapa_RA_CE!$A:$AD,2,FALSE),"") | F21: =IFERROR(IF(VLOOKUP($B21,Mapa_RA_CE!$A:$AD,MATCH(F1,Mapa_RA_CE!$1:$1,0),FALSE)>0,$D21*VLOOKUP($B21,Mapa_RA_CE!$A:$AD,MATCH(F1,Mapa_RA_CE!$1:$1,0),FALSE),""),"") | G21: =IFERROR(IF(VLOOKUP($B21,Mapa_RA_CE!$A:$AD,MATCH(G1,Mapa_RA_CE!$1:$1,0),FALSE)>0,$D21*VLOOKUP($B21,Mapa_RA_CE!$A:$AD,MATCH(G1,Mapa_RA_CE!$1:$1,0),FALSE),""),"") | H21: =IFERROR(IF(VLOOKUP($B21,Mapa_RA_CE!$A:$AD,MATCH(H1,Mapa_RA_CE!$1:$1,0),FALSE)>0,$D21*VLOOKUP($B21,Mapa_RA_CE!$A:$AD,MATCH(H1,Mapa_RA_CE!$1:$1,0),FALSE),""),"") | I21: =IFERROR(IF(VLOOKUP($B21,Mapa_RA_CE!$A:$AD,MATCH(I1,Mapa_RA_CE!$1:$1,0),FALSE)>0,$D21*VLOOKUP($B21,Mapa_RA_CE!$A:$AD,MATCH(I1,Mapa_RA_CE!$1:$1,0),FALSE),""),"") | J21: =IFERROR(IF(VLOOKUP($B21,Mapa_RA_CE!$A:$AD,MATCH(J1,Mapa_RA_CE!$1:$1,0),FALSE)>0,$D21*VLOOKUP($B21,Mapa_RA_CE!$A:$AD,MATCH(J1,Mapa_RA_CE!$1:$1,0),FALSE),""),"") | K21: =IFERROR(IF(VLOOKUP($B21,Mapa_RA_CE!$A:$AD,MATCH(K1,Mapa_RA_CE!$1:$1,0),FALSE)>0,$D21*VLOOKUP($B21,Mapa_RA_CE!$A:$AD,MATCH(K1,Mapa_RA_CE!$1:$1,0),FALSE),""),"") | L21: =IFERROR(IF(VLOOKUP($B21,Mapa_RA_CE!$A:$AD,MATCH(L1,Mapa_RA_CE!$1:$1,0),FALSE)>0,$D21*VLOOKUP($B21,Mapa_RA_CE!$A:$AD,MATCH(L1,Mapa_RA_CE!$1:$1,0),FALSE),""),"") | M21: =IFERROR(IF(VLOOKUP($B21,Mapa_RA_CE!$A:$AD,MATCH(M1,Mapa_RA_CE!$1:$1,0),FALSE)>0,$D21*VLOOKUP($B21,Mapa_RA_CE!$A:$AD,MATCH(M1,Mapa_RA_CE!$1:$1,0),FALSE),""),"") | ... AC21: =IFERROR(IF(VLOOKUP($B21,Mapa_RA_CE!$A:$AD,MATCH(AC1,Mapa_RA_CE!$1:$1,0),FALSE)>0,$D21*VLOOKUP($B21,Mapa_RA_CE!$A:$AD,MATCH(AC1,Mapa_RA_CE!$1:$1,0),FALSE),""),"")
C22: =IFERROR(VLOOKUP($B22,Mapa_RA_CE!$A:$AD,2,FALSE),"") | F22: =IFERROR(IF(VLOOKUP($B22,Mapa_RA_CE!$A:$AD,MATCH(F1,Mapa_RA_CE!$1:$1,0),FALSE)>0,$D22*VLOOKUP($B22,Mapa_RA_CE!$A:$AD,MATCH(F1,Mapa_RA_CE!$1:$1,0),FALSE),""),"") | G22: =IFERROR(IF(VLOOKUP($B22,Mapa_RA_CE!$A:$AD,MATCH(G1,Mapa_RA_CE!$1:$1,0),FALSE)>0,$D22*VLOOKUP($B22,Mapa_RA_CE!$A:$AD,MATCH(G1,Mapa_RA_CE!$1:$1,0),FALSE),""),"") | H22: =IFERROR(IF(VLOOKUP($B22,Mapa_RA_CE!$A:$AD,MATCH(H1,Mapa_RA_CE!$1:$1,0),FALSE)>0,$D22*VLOOKUP($B22,Mapa_RA_CE!$A:$AD,MATCH(H1,Mapa_RA_CE!$1:$1,0),FALSE),""),"") | I22: =IFERROR(IF(VLOOKUP($B22,Mapa_RA_CE!$A:$AD,MATCH(I1,Mapa_RA_CE!$1:$1,0),FALSE)>0,$D22*VLOOKUP($B22,Mapa_RA_CE!$A:$AD,MATCH(I1,Mapa_RA_CE!$1:$1,0),FALSE),""),"") | J22: =IFERROR(IF(VLOOKUP($B22,Mapa_RA_CE!$A:$AD,MATCH(J1,Mapa_RA_CE!$1:$1,0),FALSE)>0,$D22*VLOOKUP($B22,Mapa_RA_CE!$A:$AD,MATCH(J1,Mapa_RA_CE!$1:$1,0),FALSE),""),"") | K22: =IFERROR(IF(VLOOKUP($B22,Mapa_RA_CE!$A:$AD,MATCH(K1,Mapa_RA_CE!$1:$1,0),FALSE)>0,$D22*VLOOKUP($B22,Mapa_RA_CE!$A:$AD,MATCH(K1,Mapa_RA_CE!$1:$1,0),FALSE),""),"") | L22: =IFERROR(IF(VLOOKUP($B22,Mapa_RA_CE!$A:$AD,MATCH(L1,Mapa_RA_CE!$1:$1,0),FALSE)>0,$D22*VLOOKUP($B22,Mapa_RA_CE!$A:$AD,MATCH(L1,Mapa_RA_CE!$1:$1,0),FALSE),""),"") | M22: =IFERROR(IF(VLOOKUP($B22,Mapa_RA_CE!$A:$AD,MATCH(M1,Mapa_RA_CE!$1:$1,0),FALSE)>0,$D22*VLOOKUP($B22,Mapa_RA_CE!$A:$AD,MATCH(M1,Mapa_RA_CE!$1:$1,0),FALSE),""),"") | ... AC22: =IFERROR(IF(VLOOKUP($B22,Mapa_RA_CE!$A:$AD,MATCH(AC1,Mapa_RA_CE!$1:$1,0),FALSE)>0,$D22*VLOOKUP($B22,Mapa_RA_CE!$A:$AD,MATCH(AC1,Mapa_RA_CE!$1:$1,0),FALSE),""),"")
C23: =IFERROR(VLOOKUP($B23,Mapa_RA_CE!$A:$AD,2,FALSE),"") | F23: =IFERROR(IF(VLOOKUP($B23,Mapa_RA_CE!$A:$AD,MATCH(F1,Mapa_RA_CE!$1:$1,0),FALSE)>0,$D23*VLOOKUP($B23,Mapa_RA_CE!$A:$AD,MATCH(F1,Mapa_RA_CE!$1:$1,0),FALSE),""),"") | G23: =IFERROR(IF(VLOOKUP($B23,Mapa_RA_CE!$A:$AD,MATCH(G1,Mapa_RA_CE!$1:$1,0),FALSE)>0,$D23*VLOOKUP($B23,Mapa_RA_CE!$A:$AD,MATCH(G1,Mapa_RA_CE!$1:$1,0),FALSE),""),"") | H23: =IFERROR(IF(VLOOKUP($B23,Mapa_RA_CE!$A:$AD,MATCH(H1,Mapa_RA_CE!$1:$1,0),FALSE)>0,$D23*VLOOKUP($B23,Mapa_RA_CE!$A:$AD,MATCH(H1,Mapa_RA_CE!$1:$1,0),FALSE),""),"") | I23: =IFERROR(IF(VLOOKUP($B23,Mapa_RA_CE!$A:$AD,MATCH(I1,Mapa_RA_CE!$1:$1,0),FALSE)>0,$D23*VLOOKUP($B23,Mapa_RA_CE!$A:$AD,MATCH(I1,Mapa_RA_CE!$1:$1,0),FALSE),""),"") | J23: =IFERROR(IF(VLOOKUP($B23,Mapa_RA_CE!$A:$AD,MATCH(J1,Mapa_RA_CE!$1:$1,0),FALSE)>0,$D23*VLOOKUP($B23,Mapa_RA_CE!$A:$AD,MATCH(J1,Mapa_RA_CE!$1:$1,0),FALSE),""),"") | K23: =IFERROR(IF(VLOOKUP($B23,Mapa_RA_CE!$A:$AD,MATCH(K1,Mapa_RA_CE!$1:$1,0),FALSE)>0,$D23*VLOOKUP($B23,Mapa_RA_CE!$A:$AD,MATCH(K1,Mapa_RA_CE!$1:$1,0),FALSE),""),"") | L23: =IFERROR(IF(VLOOKUP($B23,Mapa_RA_CE!$A:$AD,MATCH(L1,Mapa_RA_CE!$1:$1,0),FALSE)>0,$D23*VLOOKUP($B23,Mapa_RA_CE!$A:$AD,MATCH(L1,Mapa_RA_CE!$1:$1,0),FALSE),""),"") | M23: =IFERROR(IF(VLOOKUP($B23,Mapa_RA_CE!$A:$AD,MATCH(M1,Mapa_RA_CE!$1:$1,0),FALSE)>0,$D23*VLOOKUP($B23,Mapa_RA_CE!$A:$AD,MATCH(M1,Mapa_RA_CE!$1:$1,0),FALSE),""),"") | ... AC23: =IFERROR(IF(VLOOKUP($B23,Mapa_RA_CE!$A:$AD,MATCH(AC1,Mapa_RA_CE!$1:$1,0),FALSE)>0,$D23*VLOOKUP($B23,Mapa_RA_CE!$A:$AD,MATCH(AC1,Mapa_RA_CE!$1:$1,0),FALSE),""),"")
C24: =IFERROR(VLOOKUP($B24,Mapa_RA_CE!$A:$AD,2,FALSE),"") | F24: =IFERROR(IF(VLOOKUP($B24,Mapa_RA_CE!$A:$AD,MATCH(F1,Mapa_RA_CE!$1:$1,0),FALSE)>0,$D24*VLOOKUP($B24,Mapa_RA_CE!$A:$AD,MATCH(F1,Mapa_RA_CE!$1:$1,0),FALSE),""),"") | G24: =IFERROR(IF(VLOOKUP($B24,Mapa_RA_CE!$A:$AD,MATCH(G1,Mapa_RA_CE!$1:$1,0),FALSE)>0,$D24*VLOOKUP($B24,Mapa_RA_CE!$A:$AD,MATCH(G1,Mapa_RA_CE!$1:$1,0),FALSE),""),"") | H24: =IFERROR(IF(VLOOKUP($B24,Mapa_RA_CE!$A:$AD,MATCH(H1,Mapa_RA_CE!$1:$1,0),FALSE)>0,$D24*VLOOKUP($B24,Mapa_RA_CE!$A:$AD,MATCH(H1,Mapa_RA_CE!$1:$1,0),FALSE),""),"") | I24: =IFERROR(IF(VLOOKUP($B24,Mapa_RA_CE!$A:$AD,MATCH(I1,Mapa_RA_CE!$1:$1,0),FALSE)>0,$D24*VLOOKUP($B24,Mapa_RA_CE!$A:$AD,MATCH(I1,Mapa_RA_CE!$1:$1,0),FALSE),""),"") | J24: =IFERROR(IF(VLOOKUP($B24,Mapa_RA_CE!$A:$AD,MATCH(J1,Mapa_RA_CE!$1:$1,0),FALSE)>0,$D24*VLOOKUP($B24,Mapa_RA_CE!$A:$AD,MATCH(J1,Mapa_RA_CE!$1:$1,0),FALSE),""),"") | K24: =IFERROR(IF(VLOOKUP($B24,Mapa_RA_CE!$A:$AD,MATCH(K1,Mapa_RA_CE!$1:$1,0),FALSE)>0,$D24*VLOOKUP($B24,Mapa_RA_CE!$A:$AD,MATCH(K1,Mapa_RA_CE!$1:$1,0),FALSE),""),"") | L24: =IFERROR(IF(VLOOKUP($B24,Mapa_RA_CE!$A:$AD,MATCH(L1,Mapa_RA_CE!$1:$1,0),FALSE)>0,$D24*VLOOKUP($B24,Mapa_RA_CE!$A:$AD,MATCH(L1,Mapa_RA_CE!$1:$1,0),FALSE),""),"") | M24: =IFERROR(IF(VLOOKUP($B24,Mapa_RA_CE!$A:$AD,MATCH(M1,Mapa_RA_CE!$1:$1,0),FALSE)>0,$D24*VLOOKUP($B24,Mapa_RA_CE!$A:$AD,MATCH(M1,Mapa_RA_CE!$1:$1,0),FALSE),""),"") | ... AC24: =IFERROR(IF(VLOOKUP($B24,Mapa_RA_CE!$A:$AD,MATCH(AC1,Mapa_RA_CE!$1:$1,0),FALSE)>0,$D24*VLOOKUP($B24,Mapa_RA_CE!$A:$AD,MATCH(AC1,Mapa_RA_CE!$1:$1,0),FALSE),""),"")
C25: =IFERROR(VLOOKUP($B25,Mapa_RA_CE!$A:$AD,2,FALSE),"") | F25: =IFERROR(IF(VLOOKUP($B25,Mapa_RA_CE!$A:$AD,MATCH(F1,Mapa_RA_CE!$1:$1,0),FALSE)>0,$D25*VLOOKUP($B25,Mapa_RA_CE!$A:$AD,MATCH(F1,Mapa_RA_CE!$1:$1,0),FALSE),""),"") | G25: =IFERROR(IF(VLOOKUP($B25,Mapa_RA_CE!$A:$AD,MATCH(G1,Mapa_RA_CE!$1:$1,0),FALSE)>0,$D25*VLOOKUP($B25,Mapa_RA_CE!$A:$AD,MATCH(G1,Mapa_RA_CE!$1:$1,0),FALSE),""),"") | H25: =IFERROR(IF(VLOOKUP($B25,Mapa_RA_CE!$A:$AD,MATCH(H1,Mapa_RA_CE!$1:$1,0),FALSE)>0,$D25*VLOOKUP($B25,Mapa_RA_CE!$A:$AD,MATCH(H1,Mapa_RA_CE!$1:$1,0),FALSE),""),"") | I25: =IFERROR(IF(VLOOKUP($B25,Mapa_RA_CE!$A:$AD,MATCH(I1,Mapa_RA_CE!$1:$1,0),FALSE)>0,$D25*VLOOKUP($B25,Mapa_RA_CE!$A:$AD,MATCH(I1,Mapa_RA_CE!$1:$1,0),FALSE),""),"") | J25: =IFERROR(IF(VLOOKUP($B25,Mapa_RA_CE!$A:$AD,MATCH(J1,Mapa_RA_CE!$1:$1,0),FALSE)>0,$D25*VLOOKUP($B25,Mapa_RA_CE!$A:$AD,MATCH(J1,Mapa_RA_CE!$1:$1,0),FALSE),""),"") | K25: =IFERROR(IF(VLOOKUP($B25,Mapa_RA_CE!$A:$AD,MATCH(K1,Mapa_RA_CE!$1:$1,0),FALSE)>0,$D25*VLOOKUP($B25,Mapa_RA_CE!$A:$AD,MATCH(K1,Mapa_RA_CE!$1:$1,0),FALSE),""),"") | L25: =IFERROR(IF(VLOOKUP($B25,Mapa_RA_CE!$A:$AD,MATCH(L1,Mapa_RA_CE!$1:$1,0),FALSE)>0,$D25*VLOOKUP($B25,Mapa_RA_CE!$A:$AD,MATCH(L1,Mapa_RA_CE!$1:$1,0),FALSE),""),"") | M25: =IFERROR(IF(VLOOKUP($B25,Mapa_RA_CE!$A:$AD,MATCH(M1,Mapa_RA_CE!$1:$1,0),FALSE)>0,$D25*VLOOKUP($B25,Mapa_RA_CE!$A:$AD,MATCH(M1,Mapa_RA_CE!$1:$1,0),FALSE),""),"") | ... AC25: =IFERROR(IF(VLOOKUP($B25,Mapa_RA_CE!$A:$AD,MATCH(AC1,Mapa_RA_CE!$1:$1,0),FALSE)>0,$D25*VLOOKUP($B25,Mapa_RA_CE!$A:$AD,MATCH(AC1,Mapa_RA_CE!$1:$1,0),FALSE),""),"")
C26: =IFERROR(VLOOKUP($B26,Mapa_RA_CE!$A:$AD,2,FALSE),"") | F26: =IFERROR(IF(VLOOKUP($B26,Mapa_RA_CE!$A:$AD,MATCH(F1,Mapa_RA_CE!$1:$1,0),FALSE)>0,$D26*VLOOKUP($B26,Mapa_RA_CE!$A:$AD,MATCH(F1,Mapa_RA_CE!$1:$1,0),FALSE),""),"") | G26: =IFERROR(IF(VLOOKUP($B26,Mapa_RA_CE!$A:$AD,MATCH(G1,Mapa_RA_CE!$1:$1,0),FALSE)>0,$D26*VLOOKUP($B26,Mapa_RA_CE!$A:$AD,MATCH(G1,Mapa_RA_CE!$1:$1,0),FALSE),""),"") | H26: =IFERROR(IF(VLOOKUP($B26,Mapa_RA_CE!$A:$AD,MATCH(H1,Mapa_RA_CE!$1:$1,0),FALSE)>0,$D26*VLOOKUP($B26,Mapa_RA_CE!$A:$AD,MATCH(H1,Mapa_RA_CE!$1:$1,0),FALSE),""),"") | I26: =IFERROR(IF(VLOOKUP($B26,Mapa_RA_CE!$A:$AD,MATCH(I1,Mapa_RA_CE!$1:$1,0),FALSE)>0,$D26*VLOOKUP($B26,Mapa_RA_CE!$A:$AD,MATCH(I1,Mapa_RA_CE!$1:$1,0),FALSE),""),"") | J26: =IFERROR(IF(VLOOKUP($B26,Mapa_RA_CE!$A:$AD,MATCH(J1,Mapa_RA_CE!$1:$1,0),FALSE)>0,$D26*VLOOKUP($B26,Mapa_RA_CE!$A:$AD,MATCH(J1,Mapa_RA_CE!$1:$1,0),FALSE),""),"") | K26: =IFERROR(IF(VLOOKUP($B26,Mapa_RA_CE!$A:$AD,MATCH(K1,Mapa_RA_CE!$1:$1,0),FALSE)>0,$D26*VLOOKUP($B26,Mapa_RA_CE!$A:$AD,MATCH(K1,Mapa_RA_CE!$1:$1,0),FALSE),""),"") | L26: =IFERROR(IF(VLOOKUP($B26,Mapa_RA_CE!$A:$AD,MATCH(L1,Mapa_RA_CE!$1:$1,0),FALSE)>0,$D26*VLOOKUP($B26,Mapa_RA_CE!$A:$AD,MATCH(L1,Mapa_RA_CE!$1:$1,0),FALSE),""),"") | M26: =IFERROR(IF(VLOOKUP($B26,Mapa_RA_CE!$A:$AD,MATCH(M1,Mapa_RA_CE!$1:$1,0),FALSE)>0,$D26*VLOOKUP($B26,Mapa_RA_CE!$A:$AD,MATCH(M1,Mapa_RA_CE!$1:$1,0),FALSE),""),"") | ... AC26: =IFERROR(IF(VLOOKUP($B26,Mapa_RA_CE!$A:$AD,MATCH(AC1,Mapa_RA_CE!$1:$1,0),FALSE)>0,$D26*VLOOKUP($B26,Mapa_RA_CE!$A:$AD,MATCH(AC1,Mapa_RA_CE!$1:$1,0),FALSE),""),"")
C27: =IFERROR(VLOOKUP($B27,Mapa_RA_CE!$A:$AD,2,FALSE),"") | F27: =IFERROR(IF(VLOOKUP($B27,Mapa_RA_CE!$A:$AD,MATCH(F1,Mapa_RA_CE!$1:$1,0),FALSE)>0,$D27*VLOOKUP($B27,Mapa_RA_CE!$A:$AD,MATCH(F1,Mapa_RA_CE!$1:$1,0),FALSE),""),"") | G27: =IFERROR(IF(VLOOKUP($B27,Mapa_RA_CE!$A:$AD,MATCH(G1,Mapa_RA_CE!$1:$1,0),FALSE)>0,$D27*VLOOKUP($B27,Mapa_RA_CE!$A:$AD,MATCH(G1,Mapa_RA_CE!$1:$1,0),FALSE),""),"") | H27: =IFERROR(IF(VLOOKUP($B27,Mapa_RA_CE!$A:$AD,MATCH(H1,Mapa_RA_CE!$1:$1,0),FALSE)>0,$D27*VLOOKUP($B27,Mapa_RA_CE!$A:$AD,MATCH(H1,Mapa_RA_CE!$1:$1,0),FALSE),""),"") | I27: =IFERROR(IF(VLOOKUP($B27,Mapa_RA_CE!$A:$AD,MATCH(I1,Mapa_RA_CE!$1:$1,0),FALSE)>0,$D27*VLOOKUP($B27,Mapa_RA_CE!$A:$AD,MATCH(I1,Mapa_RA_CE!$1:$1,0),FALSE),""),"") | J27: =IFERROR(IF(VLOOKUP($B27,Mapa_RA_CE!$A:$AD,MATCH(J1,Mapa_RA_CE!$1:$1,0),FALSE)>0,$D27*VLOOKUP($B27,Mapa_RA_CE!$A:$AD,MATCH(J1,Mapa_RA_CE!$1:$1,0),FALSE),""),"") | K27: =IFERROR(IF(VLOOKUP($B27,Mapa_RA_CE!$A:$AD,MATCH(K1,Mapa_RA_CE!$1:$1,0),FALSE)>0,$D27*VLOOKUP($B27,Mapa_RA_CE!$A:$AD,MATCH(K1,Mapa_RA_CE!$1:$1,0),FALSE),""),"") | L27: =IFERROR(IF(VLOOKUP($B27,Mapa_RA_CE!$A:$AD,MATCH(L1,Mapa_RA_CE!$1:$1,0),FALSE)>0,$D27*VLOOKUP($B27,Mapa_RA_CE!$A:$AD,MATCH(L1,Mapa_RA_CE!$1:$1,0),FALSE),""),"") | M27: =IFERROR(IF(VLOOKUP($B27,Mapa_RA_CE!$A:$AD,MATCH(M1,Mapa_RA_CE!$1:$1,0),FALSE)>0,$D27*VLOOKUP($B27,Mapa_RA_CE!$A:$AD,MATCH(M1,Mapa_RA_CE!$1:$1,0),FALSE),""),"") | ... AC27: =IFERROR(IF(VLOOKUP($B27,Mapa_RA_CE!$A:$AD,MATCH(AC1,Mapa_RA_CE!$1:$1,0),FALSE)>0,$D27*VLOOKUP($B27,Mapa_RA_CE!$A:$AD,MATCH(AC1,Mapa_RA_CE!$1:$1,0),FALSE),""),"")
C28: =IFERROR(VLOOKUP($B28,Mapa_RA_CE!$A:$AD,2,FALSE),"") | F28: =IFERROR(IF(VLOOKUP($B28,Mapa_RA_CE!$A:$AD,MATCH(F1,Mapa_RA_CE!$1:$1,0),FALSE)>0,$D28*VLOOKUP($B28,Mapa_RA_CE!$A:$AD,MATCH(F1,Mapa_RA_CE!$1:$1,0),FALSE),""),"") | G28: =IFERROR(IF(VLOOKUP($B28,Mapa_RA_CE!$A:$AD,MATCH(G1,Mapa_RA_CE!$1:$1,0),FALSE)>0,$D28*VLOOKUP($B28,Mapa_RA_CE!$A:$AD,MATCH(G1,Mapa_RA_CE!$1:$1,0),FALSE),""),"") | H28: =IFERROR(IF(VLOOKUP($B28,Mapa_RA_CE!$A:$AD,MATCH(H1,Mapa_RA_CE!$1:$1,0),FALSE)>0,$D28*VLOOKUP($B28,Mapa_RA_CE!$A:$AD,MATCH(H1,Mapa_RA_CE!$1:$1,0),FALSE),""),"") | I28: =IFERROR(IF(VLOOKUP($B28,Mapa_RA_CE!$A:$AD,MATCH(I1,Mapa_RA_CE!$1:$1,0),FALSE)>0,$D28*VLOOKUP($B28,Mapa_RA_CE!$A:$AD,MATCH(I1,Mapa_RA_CE!$1:$1,0),FALSE),""),"") | J28: =IFERROR(IF(VLOOKUP($B28,Mapa_RA_CE!$A:$AD,MATCH(J1,Mapa_RA_CE!$1:$1,0),FALSE)>0,$D28*VLOOKUP($B28,Mapa_RA_CE!$A:$AD,MATCH(J1,Mapa_RA_CE!$1:$1,0),FALSE),""),"") | K28: =IFERROR(IF(VLOOKUP($B28,Mapa_RA_CE!$A:$AD,MATCH(K1,Mapa_RA_CE!$1:$1,0),FALSE)>0,$D28*VLOOKUP($B28,Mapa_RA_CE!$A:$AD,MATCH(K1,Mapa_RA_CE!$1:$1,0),FALSE),""),"") | L28: =IFERROR(IF(VLOOKUP($B28,Mapa_RA_CE!$A:$AD,MATCH(L1,Mapa_RA_CE!$1:$1,0),FALSE)>0,$D28*VLOOKUP($B28,Mapa_RA_CE!$A:$AD,MATCH(L1,Mapa_RA_CE!$1:$1,0),FALSE),""),"") | M28: =IFERROR(IF(VLOOKUP($B28,Mapa_RA_CE!$A:$AD,MATCH(M1,Mapa_RA_CE!$1:$1,0),FALSE)>0,$D28*VLOOKUP($B28,Mapa_RA_CE!$A:$AD,MATCH(M1,Mapa_RA_CE!$1:$1,0),FALSE),""),"") | ... AC28: =IFERROR(IF(VLOOKUP($B28,Mapa_RA_CE!$A:$AD,MATCH(AC1,Mapa_RA_CE!$1:$1,0),FALSE)>0,$D28*VLOOKUP($B28,Mapa_RA_CE!$A:$AD,MATCH(AC1,Mapa_RA_CE!$1:$1,0),FALSE),""),"")
C29: =IFERROR(VLOOKUP($B29,Mapa_RA_CE!$A:$AD,2,FALSE),"") | F29: =IFERROR(IF(VLOOKUP($B29,Mapa_RA_CE!$A:$AD,MATCH(F1,Mapa_RA_CE!$1:$1,0),FALSE)>0,$D29*VLOOKUP($B29,Mapa_RA_CE!$A:$AD,MATCH(F1,Mapa_RA_CE!$1:$1,0),FALSE),""),"") | G29: =IFERROR(IF(VLOOKUP($B29,Mapa_RA_CE!$A:$AD,MATCH(G1,Mapa_RA_CE!$1:$1,0),FALSE)>0,$D29*VLOOKUP($B29,Mapa_RA_CE!$A:$AD,MATCH(G1,Mapa_RA_CE!$1:$1,0),FALSE),""),"") | H29: =IFERROR(IF(VLOOKUP($B29,Mapa_RA_CE!$A:$AD,MATCH(H1,Mapa_RA_CE!$1:$1,0),FALSE)>0,$D29*VLOOKUP($B29,Mapa_RA_CE!$A:$AD,MATCH(H1,Mapa_RA_CE!$1:$1,0),FALSE),""),"") | I29: =IFERROR(IF(VLOOKUP($B29,Mapa_RA_CE!$A:$AD,MATCH(I1,Mapa_RA_CE!$1:$1,0),FALSE)>0,$D29*VLOOKUP($B29,Mapa_RA_CE!$A:$AD,MATCH(I1,Mapa_RA_CE!$1:$1,0),FALSE),""),"") | J29: =IFERROR(IF(VLOOKUP($B29,Mapa_RA_CE!$A:$AD,MATCH(J1,Mapa_RA_CE!$1:$1,0),FALSE)>0,$D29*VLOOKUP($B29,Mapa_RA_CE!$A:$AD,MATCH(J1,Mapa_RA_CE!$1:$1,0),FALSE),""),"") | K29: =IFERROR(IF(VLOOKUP($B29,Mapa_RA_CE!$A:$AD,MATCH(K1,Mapa_RA_CE!$1:$1,0),FALSE)>0,$D29*VLOOKUP($B29,Mapa_RA_CE!$A:$AD,MATCH(K1,Mapa_RA_CE!$1:$1,0),FALSE),""),"") | L29: =IFERROR(IF(VLOOKUP($B29,Mapa_RA_CE!$A:$AD,MATCH(L1,Mapa_RA_CE!$1:$1,0),FALSE)>0,$D29*VLOOKUP($B29,Mapa_RA_CE!$A:$AD,MATCH(L1,Mapa_RA_CE!$1:$1,0),FALSE),""),"") | M29: =IFERROR(IF(VLOOKUP($B29,Mapa_RA_CE!$A:$AD,MATCH(M1,Mapa_RA_CE!$1:$1,0),FALSE)>0,$D29*VLOOKUP($B29,Mapa_RA_CE!$A:$AD,MATCH(M1,Mapa_RA_CE!$1:$1,0),FALSE),""),"") | ... AC29: =IFERROR(IF(VLOOKUP($B29,Mapa_RA_CE!$A:$AD,MATCH(AC1,Mapa_RA_CE!$1:$1,0),FALSE)>0,$D29*VLOOKUP($B29,Mapa_RA_CE!$A:$AD,MATCH(AC1,Mapa_RA_CE!$1:$1,0),FALSE),""),"")
C30: =IFERROR(VLOOKUP($B30,Mapa_RA_CE!$A:$AD,2,FALSE),"") | F30: =IFERROR(IF(VLOOKUP($B30,Mapa_RA_CE!$A:$AD,MATCH(F1,Mapa_RA_CE!$1:$1,0),FALSE)>0,$D30*VLOOKUP($B30,Mapa_RA_CE!$A:$AD,MATCH(F1,Mapa_RA_CE!$1:$1,0),FALSE),""),"") | G30: =IFERROR(IF(VLOOKUP($B30,Mapa_RA_CE!$A:$AD,MATCH(G1,Mapa_RA_CE!$1:$1,0),FALSE)>0,$D30*VLOOKUP($B30,Mapa_RA_CE!$A:$AD,MATCH(G1,Mapa_RA_CE!$1:$1,0),FALSE),""),"") | H30: =IFERROR(IF(VLOOKUP($B30,Mapa_RA_CE!$A:$AD,MATCH(H1,Mapa_RA_CE!$1:$1,0),FALSE)>0,$D30*VLOOKUP($B30,Mapa_RA_CE!$A:$AD,MATCH(H1,Mapa_RA_CE!$1:$1,0),FALSE),""),"") | I30: =IFERROR(IF(VLOOKUP($B30,Mapa_RA_CE!$A:$AD,MATCH(I1,Mapa_RA_CE!$1:$1,0),FALSE)>0,$D30*VLOOKUP($B30,Mapa_RA_CE!$A:$AD,MATCH(I1,Mapa_RA_CE!$1:$1,0),FALSE),""),"") | J30: =IFERROR(IF(VLOOKUP($B30,Mapa_RA_CE!$A:$AD,MATCH(J1,Mapa_RA_CE!$1:$1,0),FALSE)>0,$D30*VLOOKUP($B30,Mapa_RA_CE!$A:$AD,MATCH(J1,Mapa_RA_CE!$1:$1,0),FALSE),""),"") | K30: =IFERROR(IF(VLOOKUP($B30,Mapa_RA_CE!$A:$AD,MATCH(K1,Mapa_RA_CE!$1:$1,0),FALSE)>0,$D30*VLOOKUP($B30,Mapa_RA_CE!$A:$AD,MATCH(K1,Mapa_RA_CE!$1:$1,0),FALSE),""),"") | L30: =IFERROR(IF(VLOOKUP($B30,Mapa_RA_CE!$A:$AD,MATCH(L1,Mapa_RA_CE!$1:$1,0),FALSE)>0,$D30*VLOOKUP($B30,Mapa_RA_CE!$A:$AD,MATCH(L1,Mapa_RA_CE!$1:$1,0),FALSE),""),"") | M30: =IFERROR(IF(VLOOKUP($B30,Mapa_RA_CE!$A:$AD,MATCH(M1,Mapa_RA_CE!$1:$1,0),FALSE)>0,$D30*VLOOKUP($B30,Mapa_RA_CE!$A:$AD,MATCH(M1,Mapa_RA_CE!$1:$1,0),FALSE),""),"") | ... AC30: =IFERROR(IF(VLOOKUP($B30,Mapa_RA_CE!$A:$AD,MATCH(AC1,Mapa_RA_CE!$1:$1,0),FALSE)>0,$D30*VLOOKUP($B30,Mapa_RA_CE!$A:$AD,MATCH(AC1,Mapa_RA_CE!$1:$1,0),FALSE),""),"")
C31: =IFERROR(VLOOKUP($B31,Mapa_RA_CE!$A:$AD,2,FALSE),"") | F31: =IFERROR(IF(VLOOKUP($B31,Mapa_RA_CE!$A:$AD,MATCH(F1,Mapa_RA_CE!$1:$1,0),FALSE)>0,$D31*VLOOKUP($B31,Mapa_RA_CE!$A:$AD,MATCH(F1,Mapa_RA_CE!$1:$1,0),FALSE),""),"") | G31: =IFERROR(IF(VLOOKUP($B31,Mapa_RA_CE!$A:$AD,MATCH(G1,Mapa_RA_CE!$1:$1,0),FALSE)>0,$D31*VLOOKUP($B31,Mapa_RA_CE!$A:$AD,MATCH(G1,Mapa_RA_CE!$1:$1,0),FALSE),""),"") | H31: =IFERROR(IF(VLOOKUP($B31,Mapa_RA_CE!$A:$AD,MATCH(H1,Mapa_RA_CE!$1:$1,0),FALSE)>0,$D31*VLOOKUP($B31,Mapa_RA_CE!$A:$AD,MATCH(H1,Mapa_RA_CE!$1:$1,0),FALSE),""),"") | I31: =IFERROR(IF(VLOOKUP($B31,Mapa_RA_CE!$A:$AD,MATCH(I1,Mapa_RA_CE!$1:$1,0),FALSE)>0,$D31*VLOOKUP($B31,Mapa_RA_CE!$A:$AD,MATCH(I1,Mapa_RA_CE!$1:$1,0),FALSE),""),"") | J31: =IFERROR(IF(VLOOKUP($B31,Mapa_RA_CE!$A:$AD,MATCH(J1,Mapa_RA_CE!$1:$1,0),FALSE)>0,$D31*VLOOKUP($B31,Mapa_RA_CE!$A:$AD,MATCH(J1,Mapa_RA_CE!$1:$1,0),FALSE),""),"") | K31: =IFERROR(IF(VLOOKUP($B31,Mapa_RA_CE!$A:$AD,MATCH(K1,Mapa_RA_CE!$1:$1,0),FALSE)>0,$D31*VLOOKUP($B31,Mapa_RA_CE!$A:$AD,MATCH(K1,Mapa_RA_CE!$1:$1,0),FALSE),""),"") | L31: =IFERROR(IF(VLOOKUP($B31,Mapa_RA_CE!$A:$AD,MATCH(L1,Mapa_RA_CE!$1:$1,0),FALSE)>0,$D31*VLOOKUP($B31,Mapa_RA_CE!$A:$AD,MATCH(L1,Mapa_RA_CE!$1:$1,0),FALSE),""),"") | M31: =IFERROR(IF(VLOOKUP($B31,Mapa_RA_CE!$A:$AD,MATCH(M1,Mapa_RA_CE!$1:$1,0),FALSE)>0,$D31*VLOOKUP($B31,Mapa_RA_CE!$A:$AD,MATCH(M1,Mapa_RA_CE!$1:$1,0),FALSE),""),"") | ... AC31: =IFERROR(IF(VLOOKUP($B31,Mapa_RA_CE!$A:$AD,MATCH(AC1,Mapa_RA_CE!$1:$1,0),FALSE)>0,$D31*VLOOKUP($B31,Mapa_RA_CE!$A:$AD,MATCH(AC1,Mapa_RA_CE!$1:$1,0),FALSE),""),"")
C32: =IFERROR(VLOOKUP($B32,Mapa_RA_CE!$A:$AD,2,FALSE),"") | F32: =IFERROR(IF(VLOOKUP($B32,Mapa_RA_CE!$A:$AD,MATCH(F1,Mapa_RA_CE!$1:$1,0),FALSE)>0,$D32*VLOOKUP($B32,Mapa_RA_CE!$A:$AD,MATCH(F1,Mapa_RA_CE!$1:$1,0),FALSE),""),"") | G32: =IFERROR(IF(VLOOKUP($B32,Mapa_RA_CE!$A:$AD,MATCH(G1,Mapa_RA_CE!$1:$1,0),FALSE)>0,$D32*VLOOKUP($B32,Mapa_RA_CE!$A:$AD,MATCH(G1,Mapa_RA_CE!$1:$1,0),FALSE),""),"") | H32: =IFERROR(IF(VLOOKUP($B32,Mapa_RA_CE!$A:$AD,MATCH(H1,Mapa_RA_CE!$1:$1,0),FALSE)>0,$D32*VLOOKUP($B32,Mapa_RA_CE!$A:$AD,MATCH(H1,Mapa_RA_CE!$1:$1,0),FALSE),""),"") | I32: =IFERROR(IF(VLOOKUP($B32,Mapa_RA_CE!$A:$AD,MATCH(I1,Mapa_RA_CE!$1:$1,0),FALSE)>0,$D32*VLOOKUP($B32,Mapa_RA_CE!$A:$AD,MATCH(I1,Mapa_RA_CE!$1:$1,0),FALSE),""),"") | J32: =IFERROR(IF(VLOOKUP($B32,Mapa_RA_CE!$A:$AD,MATCH(J1,Mapa_RA_CE!$1:$1,0),FALSE)>0,$D32*VLOOKUP($B32,Mapa_RA_CE!$A:$AD,MATCH(J1,Mapa_RA_CE!$1:$1,0),FALSE),""),"") | K32: =IFERROR(IF(VLOOKUP($B32,Mapa_RA_CE!$A:$AD,MATCH(K1,Mapa_RA_CE!$1:$1,0),FALSE)>0,$D32*VLOOKUP($B32,Mapa_RA_CE!$A:$AD,MATCH(K1,Mapa_RA_CE!$1:$1,0),FALSE),""),"") | L32: =IFERROR(IF(VLOOKUP($B32,Mapa_RA_CE!$A:$AD,MATCH(L1,Mapa_RA_CE!$1:$1,0),FALSE)>0,$D32*VLOOKUP($B32,Mapa_RA_CE!$A:$AD,MATCH(L1,Mapa_RA_CE!$1:$1,0),FALSE),""),"") | M32: =IFERROR(IF(VLOOKUP($B32,Mapa_RA_CE!$A:$AD,MATCH(M1,Mapa_RA_CE!$1:$1,0),FALSE)>0,$D32*VLOOKUP($B32,Mapa_RA_CE!$A:$AD,MATCH(M1,Mapa_RA_CE!$1:$1,0),FALSE),""),"") | ... AC32: =IFERROR(IF(VLOOKUP($B32,Mapa_RA_CE!$A:$AD,MATCH(AC1,Mapa_RA_CE!$1:$1,0),FALSE)>0,$D32*VLOOKUP($B32,Mapa_RA_CE!$A:$AD,MATCH(AC1,Mapa_RA_CE!$1:$1,0),FALSE),""),"")
C33: =IFERROR(VLOOKUP($B33,Mapa_RA_CE!$A:$AD,2,FALSE),"") | F33: =IFERROR(IF(VLOOKUP($B33,Mapa_RA_CE!$A:$AD,MATCH(F1,Mapa_RA_CE!$1:$1,0),FALSE)>0,$D33*VLOOKUP($B33,Mapa_RA_CE!$A:$AD,MATCH(F1,Mapa_RA_CE!$1:$1,0),FALSE),""),"") | G33: =IFERROR(IF(VLOOKUP($B33,Mapa_RA_CE!$A:$AD,MATCH(G1,Mapa_RA_CE!$1:$1,0),FALSE)>0,$D33*VLOOKUP($B33,Mapa_RA_CE!$A:$AD,MATCH(G1,Mapa_RA_CE!$1:$1,0),FALSE),""),"") | H33: =IFERROR(IF(VLOOKUP($B33,Mapa_RA_CE!$A:$AD,MATCH(H1,Mapa_RA_CE!$1:$1,0),FALSE)>0,$D33*VLOOKUP($B33,Mapa_RA_CE!$A:$AD,MATCH(H1,Mapa_RA_CE!$1:$1,0),FALSE),""),"") | I33: =IFERROR(IF(VLOOKUP($B33,Mapa_RA_CE!$A:$AD,MATCH(I1,Mapa_RA_CE!$1:$1,0),FALSE)>0,$D33*VLOOKUP($B33,Mapa_RA_CE!$A:$AD,MATCH(I1,Mapa_RA_CE!$1:$1,0),FALSE),""),"") | J33: =IFERROR(IF(VLOOKUP($B33,Mapa_RA_CE!$A:$AD,MATCH(J1,Mapa_RA_CE!$1:$1,0),FALSE)>0,$D33*VLOOKUP($B33,Mapa_RA_CE!$A:$AD,MATCH(J1,Mapa_RA_CE!$1:$1,0),FALSE),""),"") | K33: =IFERROR(IF(VLOOKUP($B33,Mapa_RA_CE!$A:$AD,MATCH(K1,Mapa_RA_CE!$1:$1,0),FALSE)>0,$D33*VLOOKUP($B33,Mapa_RA_CE!$A:$AD,MATCH(K1,Mapa_RA_CE!$1:$1,0),FALSE),""),"") | L33: =IFERROR(IF(VLOOKUP($B33,Mapa_RA_CE!$A:$AD,MATCH(L1,Mapa_RA_CE!$1:$1,0),FALSE)>0,$D33*VLOOKUP($B33,Mapa_RA_CE!$A:$AD,MATCH(L1,Mapa_RA_CE!$1:$1,0),FALSE),""),"") | M33: =IFERROR(IF(VLOOKUP($B33,Mapa_RA_CE!$A:$AD,MATCH(M1,Mapa_RA_CE!$1:$1,0),FALSE)>0,$D33*VLOOKUP($B33,Mapa_RA_CE!$A:$AD,MATCH(M1,Mapa_RA_CE!$1:$1,0),FALSE),""),"") | ... AC33: =IFERROR(IF(VLOOKUP($B33,Mapa_RA_CE!$A:$AD,MATCH(AC1,Mapa_RA_CE!$1:$1,0),FALSE)>0,$D33*VLOOKUP($B33,Mapa_RA_CE!$A:$AD,MATCH(AC1,Mapa_RA_CE!$1:$1,0),FALSE),""),"")
C34: =IFERROR(VLOOKUP($B34,Mapa_RA_CE!$A:$AD,2,FALSE),"") | F34: =IFERROR(IF(VLOOKUP($B34,Mapa_RA_CE!$A:$AD,MATCH(F1,Mapa_RA_CE!$1:$1,0),FALSE)>0,$D34*VLOOKUP($B34,Mapa_RA_CE!$A:$AD,MATCH(F1,Mapa_RA_CE!$1:$1,0),FALSE),""),"") | G34: =IFERROR(IF(VLOOKUP($B34,Mapa_RA_CE!$A:$AD,MATCH(G1,Mapa_RA_CE!$1:$1,0),FALSE)>0,$D34*VLOOKUP($B34,Mapa_RA_CE!$A:$AD,MATCH(G1,Mapa_RA_CE!$1:$1,0),FALSE),""),"") | H34: =IFERROR(IF(VLOOKUP($B34,Mapa_RA_CE!$A:$AD,MATCH(H1,Mapa_RA_CE!$1:$1,0),FALSE)>0,$D34*VLOOKUP($B34,Mapa_RA_CE!$A:$AD,MATCH(H1,Mapa_RA_CE!$1:$1,0),FALSE),""),"") | I34: =IFERROR(IF(VLOOKUP($B34,Mapa_RA_CE!$A:$AD,MATCH(I1,Mapa_RA_CE!$1:$1,0),FALSE)>0,$D34*VLOOKUP($B34,Mapa_RA_CE!$A:$AD,MATCH(I1,Mapa_RA_CE!$1:$1,0),FALSE),""),"") | J34: =IFERROR(IF(VLOOKUP($B34,Mapa_RA_CE!$A:$AD,MATCH(J1,Mapa_RA_CE!$1:$1,0),FALSE)>0,$D34*VLOOKUP($B34,Mapa_RA_CE!$A:$AD,MATCH(J1,Mapa_RA_CE!$1:$1,0),FALSE),""),"") | K34: =IFERROR(IF(VLOOKUP($B34,Mapa_RA_CE!$A:$AD,MATCH(K1,Mapa_RA_CE!$1:$1,0),FALSE)>0,$D34*VLOOKUP($B34,Mapa_RA_CE!$A:$AD,MATCH(K1,Mapa_RA_CE!$1:$1,0),FALSE),""),"") | L34: =IFERROR(IF(VLOOKUP($B34,Mapa_RA_CE!$A:$AD,MATCH(L1,Mapa_RA_CE!$1:$1,0),FALSE)>0,$D34*VLOOKUP($B34,Mapa_RA_CE!$A:$AD,MATCH(L1,Mapa_RA_CE!$1:$1,0),FALSE),""),"") | M34: =IFERROR(IF(VLOOKUP($B34,Mapa_RA_CE!$A:$AD,MATCH(M1,Mapa_RA_CE!$1:$1,0),FALSE)>0,$D34*VLOOKUP($B34,Mapa_RA_CE!$A:$AD,MATCH(M1,Mapa_RA_CE!$1:$1,0),FALSE),""),"") | ... AC34: =IFERROR(IF(VLOOKUP($B34,Mapa_RA_CE!$A:$AD,MATCH(AC1,Mapa_RA_CE!$1:$1,0),FALSE)>0,$D34*VLOOKUP($B34,Mapa_RA_CE!$A:$AD,MATCH(AC1,Mapa_RA_CE!$1:$1,0),FALSE),""),"")
C35: =IFERROR(VLOOKUP($B35,Mapa_RA_CE!$A:$AD,2,FALSE),"") | F35: =IFERROR(IF(VLOOKUP($B35,Mapa_RA_CE!$A:$AD,MATCH(F1,Mapa_RA_CE!$1:$1,0),FALSE)>0,$D35*VLOOKUP($B35,Mapa_RA_CE!$A:$AD,MATCH(F1,Mapa_RA_CE!$1:$1,0),FALSE),""),"") | G35: =IFERROR(IF(VLOOKUP($B35,Mapa_RA_CE!$A:$AD,MATCH(G1,Mapa_RA_CE!$1:$1,0),FALSE)>0,$D35*VLOOKUP($B35,Mapa_RA_CE!$A:$AD,MATCH(G1,Mapa_RA_CE!$1:$1,0),FALSE),""),"") | H35: =IFERROR(IF(VLOOKUP($B35,Mapa_RA_CE!$A:$AD,MATCH(H1,Mapa_RA_CE!$1:$1,0),FALSE)>0,$D35*VLOOKUP($B35,Mapa_RA_CE!$A:$AD,MATCH(H1,Mapa_RA_CE!$1:$1,0),FALSE),""),"") | I35: =IFERROR(IF(VLOOKUP($B35,Mapa_RA_CE!$A:$AD,MATCH(I1,Mapa_RA_CE!$1:$1,0),FALSE)>0,$D35*VLOOKUP($B35,Mapa_RA_CE!$A:$AD,MATCH(I1,Mapa_RA_CE!$1:$1,0),FALSE),""),"") | J35: =IFERROR(IF(VLOOKUP($B35,Mapa_RA_CE!$A:$AD,MATCH(J1,Mapa_RA_CE!$1:$1,0),FALSE)>0,$D35*VLOOKUP($B35,Mapa_RA_CE!$A:$AD,MATCH(J1,Mapa_RA_CE!$1:$1,0),FALSE),""),"") | K35: =IFERROR(IF(VLOOKUP($B35,Mapa_RA_CE!$A:$AD,MATCH(K1,Mapa_RA_CE!$1:$1,0),FALSE)>0,$D35*VLOOKUP($B35,Mapa_RA_CE!$A:$AD,MATCH(K1,Mapa_RA_CE!$1:$1,0),FALSE),""),"") | L35: =IFERROR(IF(VLOOKUP($B35,Mapa_RA_CE!$A:$AD,MATCH(L1,Mapa_RA_CE!$1:$1,0),FALSE)>0,$D35*VLOOKUP($B35,Mapa_RA_CE!$A:$AD,MATCH(L1,Mapa_RA_CE!$1:$1,0),FALSE),""),"") | M35: =IFERROR(IF(VLOOKUP($B35,Mapa_RA_CE!$A:$AD,MATCH(M1,Mapa_RA_CE!$1:$1,0),FALSE)>0,$D35*VLOOKUP($B35,Mapa_RA_CE!$A:$AD,MATCH(M1,Mapa_RA_CE!$1:$1,0),FALSE),""),"") | ... AC35: =IFERROR(IF(VLOOKUP($B35,Mapa_RA_CE!$A:$AD,MATCH(AC1,Mapa_RA_CE!$1:$1,0),FALSE)>0,$D35*VLOOKUP($B35,Mapa_RA_CE!$A:$AD,MATCH(AC1,Mapa_RA_CE!$1:$1,0),FALSE),""),"")
C36: =IFERROR(VLOOKUP($B36,Mapa_RA_CE!$A:$AD,2,FALSE),"") | F36: =IFERROR(IF(VLOOKUP($B36,Mapa_RA_CE!$A:$AD,MATCH(F1,Mapa_RA_CE!$1:$1,0),FALSE)>0,$D36*VLOOKUP($B36,Mapa_RA_CE!$A:$AD,MATCH(F1,Mapa_RA_CE!$1:$1,0),FALSE),""),"") | G36: =IFERROR(IF(VLOOKUP($B36,Mapa_RA_CE!$A:$AD,MATCH(G1,Mapa_RA_CE!$1:$1,0),FALSE)>0,$D36*VLOOKUP($B36,Mapa_RA_CE!$A:$AD,MATCH(G1,Mapa_RA_CE!$1:$1,0),FALSE),""),"") | H36: =IFERROR(IF(VLOOKUP($B36,Mapa_RA_CE!$A:$AD,MATCH(H1,Mapa_RA_CE!$1:$1,0),FALSE)>0,$D36*VLOOKUP($B36,Mapa_RA_CE!$A:$AD,MATCH(H1,Mapa_RA_CE!$1:$1,0),FALSE),""),"") | I36: =IFERROR(IF(VLOOKUP($B36,Mapa_RA_CE!$A:$AD,MATCH(I1,Mapa_RA_CE!$1:$1,0),FALSE)>0,$D36*VLOOKUP($B36,Mapa_RA_CE!$A:$AD,MATCH(I1,Mapa_RA_CE!$1:$1,0),FALSE),""),"") | J36: =IFERROR(IF(VLOOKUP($B36,Mapa_RA_CE!$A:$AD,MATCH(J1,Mapa_RA_CE!$1:$1,0),FALSE)>0,$D36*VLOOKUP($B36,Mapa_RA_CE!$A:$AD,MATCH(J1,Mapa_RA_CE!$1:$1,0),FALSE),""),"") | K36: =IFERROR(IF(VLOOKUP($B36,Mapa_RA_CE!$A:$AD,MATCH(K1,Mapa_RA_CE!$1:$1,0),FALSE)>0,$D36*VLOOKUP($B36,Mapa_RA_CE!$A:$AD,MATCH(K1,Mapa_RA_CE!$1:$1,0),FALSE),""),"") | L36: =IFERROR(IF(VLOOKUP($B36,Mapa_RA_CE!$A:$AD,MATCH(L1,Mapa_RA_CE!$1:$1,0),FALSE)>0,$D36*VLOOKUP($B36,Mapa_RA_CE!$A:$AD,MATCH(L1,Mapa_RA_CE!$1:$1,0),FALSE),""),"") | M36: =IFERROR(IF(VLOOKUP($B36,Mapa_RA_CE!$A:$AD,MATCH(M1,Mapa_RA_CE!$1:$1,0),FALSE)>0,$D36*VLOOKUP($B36,Mapa_RA_CE!$A:$AD,MATCH(M1,Mapa_RA_CE!$1:$1,0),FALSE),""),"") | ... AC36: =IFERROR(IF(VLOOKUP($B36,Mapa_RA_CE!$A:$AD,MATCH(AC1,Mapa_RA_CE!$1:$1,0),FALSE)>0,$D36*VLOOKUP($B36,Mapa_RA_CE!$A:$AD,MATCH(AC1,Mapa_RA_CE!$1:$1,0),FALSE),""),"")
C37: =IFERROR(VLOOKUP($B37,Mapa_RA_CE!$A:$AD,2,FALSE),"") | F37: =IFERROR(IF(VLOOKUP($B37,Mapa_RA_CE!$A:$AD,MATCH(F1,Mapa_RA_CE!$1:$1,0),FALSE)>0,$D37*VLOOKUP($B37,Mapa_RA_CE!$A:$AD,MATCH(F1,Mapa_RA_CE!$1:$1,0),FALSE),""),"") | G37: =IFERROR(IF(VLOOKUP($B37,Mapa_RA_CE!$A:$AD,MATCH(G1,Mapa_RA_CE!$1:$1,0),FALSE)>0,$D37*VLOOKUP($B37,Mapa_RA_CE!$A:$AD,MATCH(G1,Mapa_RA_CE!$1:$1,0),FALSE),""),"") | H37: =IFERROR(IF(VLOOKUP($B37,Mapa_RA_CE!$A:$AD,MATCH(H1,Mapa_RA_CE!$1:$1,0),FALSE)>0,$D37*VLOOKUP($B37,Mapa_RA_CE!$A:$AD,MATCH(H1,Mapa_RA_CE!$1:$1,0),FALSE),""),"") | I37: =IFERROR(IF(VLOOKUP($B37,Mapa_RA_CE!$A:$AD,MATCH(I1,Mapa_RA_CE!$1:$1,0),FALSE)>0,$D37*VLOOKUP($B37,Mapa_RA_CE!$A:$AD,MATCH(I1,Mapa_RA_CE!$1:$1,0),FALSE),""),"") | J37: =IFERROR(IF(VLOOKUP($B37,Mapa_RA_CE!$A:$AD,MATCH(J1,Mapa_RA_CE!$1:$1,0),FALSE)>0,$D37*VLOOKUP($B37,Mapa_RA_CE!$A:$AD,MATCH(J1,Mapa_RA_CE!$1:$1,0),FALSE),""),"") | K37: =IFERROR(IF(VLOOKUP($B37,Mapa_RA_CE!$A:$AD,MATCH(K1,Mapa_RA_CE!$1:$1,0),FALSE)>0,$D37*VLOOKUP($B37,Mapa_RA_CE!$A:$AD,MATCH(K1,Mapa_RA_CE!$1:$1,0),FALSE),""),"") | L37: =IFERROR(IF(VLOOKUP($B37,Mapa_RA_CE!$A:$AD,MATCH(L1,Mapa_RA_CE!$1:$1,0),FALSE)>0,$D37*VLOOKUP($B37,Mapa_RA_CE!$A:$AD,MATCH(L1,Mapa_RA_CE!$1:$1,0),FALSE),""),"") | M37: =IFERROR(IF(VLOOKUP($B37,Mapa_RA_CE!$A:$AD,MATCH(M1,Mapa_RA_CE!$1:$1,0),FALSE)>0,$D37*VLOOKUP($B37,Mapa_RA_CE!$A:$AD,MATCH(M1,Mapa_RA_CE!$1:$1,0),FALSE),""),"") | ... AC37: =IFERROR(IF(VLOOKUP($B37,Mapa_RA_CE!$A:$AD,MATCH(AC1,Mapa_RA_CE!$1:$1,0),FALSE)>0,$D37*VLOOKUP($B37,Mapa_RA_CE!$A:$AD,MATCH(AC1,Mapa_RA_CE!$1:$1,0),FALSE),""),"")
C38: =IFERROR(VLOOKUP($B38,Mapa_RA_CE!$A:$AD,2,FALSE),"") | F38: =IFERROR(IF(VLOOKUP($B38,Mapa_RA_CE!$A:$AD,MATCH(F1,Mapa_RA_CE!$1:$1,0),FALSE)>0,$D38*VLOOKUP($B38,Mapa_RA_CE!$A:$AD,MATCH(F1,Mapa_RA_CE!$1:$1,0),FALSE),""),"") | G38: =IFERROR(IF(VLOOKUP($B38,Mapa_RA_CE!$A:$AD,MATCH(G1,Mapa_RA_CE!$1:$1,0),FALSE)>0,$D38*VLOOKUP($B38,Mapa_RA_CE!$A:$AD,MATCH(G1,Mapa_RA_CE!$1:$1,0),FALSE),""),"") | H38: =IFERROR(IF(VLOOKUP($B38,Mapa_RA_CE!$A:$AD,MATCH(H1,Mapa_RA_CE!$1:$1,0),FALSE)>0,$D38*VLOOKUP($B38,Mapa_RA_CE!$A:$AD,MATCH(H1,Mapa_RA_CE!$1:$1,0),FALSE),""),"") | I38: =IFERROR(IF(VLOOKUP($B38,Mapa_RA_CE!$A:$AD,MATCH(I1,Mapa_RA_CE!$1:$1,0),FALSE)>0,$D38*VLOOKUP($B38,Mapa_RA_CE!$A:$AD,MATCH(I1,Mapa_RA_CE!$1:$1,0),FALSE),""),"") | J38: =IFERROR(IF(VLOOKUP($B38,Mapa_RA_CE!$A:$AD,MATCH(J1,Mapa_RA_CE!$1:$1,0),FALSE)>0,$D38*VLOOKUP($B38,Mapa_RA_CE!$A:$AD,MATCH(J1,Mapa_RA_CE!$1:$1,0),FALSE),""),"") | K38: =IFERROR(IF(VLOOKUP($B38,Mapa_RA_CE!$A:$AD,MATCH(K1,Mapa_RA_CE!$1:$1,0),FALSE)>0,$D38*VLOOKUP($B38,Mapa_RA_CE!$A:$AD,MATCH(K1,Mapa_RA_CE!$1:$1,0),FALSE),""),"") | L38: =IFERROR(IF(VLOOKUP($B38,Mapa_RA_CE!$A:$AD,MATCH(L1,Mapa_RA_CE!$1:$1,0),FALSE)>0,$D38*VLOOKUP($B38,Mapa_RA_CE!$A:$AD,MATCH(L1,Mapa_RA_CE!$1:$1,0),FALSE),""),"") | M38: =IFERROR(IF(VLOOKUP($B38,Mapa_RA_CE!$A:$AD,MATCH(M1,Mapa_RA_CE!$1:$1,0),FALSE)>0,$D38*VLOOKUP($B38,Mapa_RA_CE!$A:$AD,MATCH(M1,Mapa_RA_CE!$1:$1,0),FALSE),""),"") | ... AC38: =IFERROR(IF(VLOOKUP($B38,Mapa_RA_CE!$A:$AD,MATCH(AC1,Mapa_RA_CE!$1:$1,0),FALSE)>0,$D38*VLOOKUP($B38,Mapa_RA_CE!$A:$AD,MATCH(AC1,Mapa_RA_CE!$1:$1,0),FALSE),""),"")
C39: =IFERROR(VLOOKUP($B39,Mapa_RA_CE!$A:$AD,2,FALSE),"") | F39: =IFERROR(IF(VLOOKUP($B39,Mapa_RA_CE!$A:$AD,MATCH(F1,Mapa_RA_CE!$1:$1,0),FALSE)>0,$D39*VLOOKUP($B39,Mapa_RA_CE!$A:$AD,MATCH(F1,Mapa_RA_CE!$1:$1,0),FALSE),""),"") | G39: =IFERROR(IF(VLOOKUP($B39,Mapa_RA_CE!$A:$AD,MATCH(G1,Mapa_RA_CE!$1:$1,0),FALSE)>0,$D39*VLOOKUP($B39,Mapa_RA_CE!$A:$AD,MATCH(G1,Mapa_RA_CE!$1:$1,0),FALSE),""),"") | H39: =IFERROR(IF(VLOOKUP($B39,Mapa_RA_CE!$A:$AD,MATCH(H1,Mapa_RA_CE!$1:$1,0),FALSE)>0,$D39*VLOOKUP($B39,Mapa_RA_CE!$A:$AD,MATCH(H1,Mapa_RA_CE!$1:$1,0),FALSE),""),"") | I39: =IFERROR(IF(VLOOKUP($B39,Mapa_RA_CE!$A:$AD,MATCH(I1,Mapa_RA_CE!$1:$1,0),FALSE)>0,$D39*VLOOKUP($B39,Mapa_RA_CE!$A:$AD,MATCH(I1,Mapa_RA_CE!$1:$1,0),FALSE),""),"") | J39: =IFERROR(IF(VLOOKUP($B39,Mapa_RA_CE!$A:$AD,MATCH(J1,Mapa_RA_CE!$1:$1,0),FALSE)>0,$D39*VLOOKUP($B39,Mapa_RA_CE!$A:$AD,MATCH(J1,Mapa_RA_CE!$1:$1,0),FALSE),""),"") | K39: =IFERROR(IF(VLOOKUP($B39,Mapa_RA_CE!$A:$AD,MATCH(K1,Mapa_RA_CE!$1:$1,0),FALSE)>0,$D39*VLOOKUP($B39,Mapa_RA_CE!$A:$AD,MATCH(K1,Mapa_RA_CE!$1:$1,0),FALSE),""),"") | L39: =IFERROR(IF(VLOOKUP($B39,Mapa_RA_CE!$A:$AD,MATCH(L1,Mapa_RA_CE!$1:$1,0),FALSE)>0,$D39*VLOOKUP($B39,Mapa_RA_CE!$A:$AD,MATCH(L1,Mapa_RA_CE!$1:$1,0),FALSE),""),"") | M39: =IFERROR(IF(VLOOKUP($B39,Mapa_RA_CE!$A:$AD,MATCH(M1,Mapa_RA_CE!$1:$1,0),FALSE)>0,$D39*VLOOKUP($B39,Mapa_RA_CE!$A:$AD,MATCH(M1,Mapa_RA_CE!$1:$1,0),FALSE),""),"") | ... AC39: =IFERROR(IF(VLOOKUP($B39,Mapa_RA_CE!$A:$AD,MATCH(AC1,Mapa_RA_CE!$1:$1,0),FALSE)>0,$D39*VLOOKUP($B39,Mapa_RA_CE!$A:$AD,MATCH(AC1,Mapa_RA_CE!$1:$1,0),FALSE),""),"")
C40: =IFERROR(VLOOKUP($B40,Mapa_RA_CE!$A:$AD,2,FALSE),"") | F40: =IFERROR(IF(VLOOKUP($B40,Mapa_RA_CE!$A:$AD,MATCH(F1,Mapa_RA_CE!$1:$1,0),FALSE)>0,$D40*VLOOKUP($B40,Mapa_RA_CE!$A:$AD,MATCH(F1,Mapa_RA_CE!$1:$1,0),FALSE),""),"") | G40: =IFERROR(IF(VLOOKUP($B40,Mapa_RA_CE!$A:$AD,MATCH(G1,Mapa_RA_CE!$1:$1,0),FALSE)>0,$D40*VLOOKUP($B40,Mapa_RA_CE!$A:$AD,MATCH(G1,Mapa_RA_CE!$1:$1,0),FALSE),""),"") | H40: =IFERROR(IF(VLOOKUP($B40,Mapa_RA_CE!$A:$AD,MATCH(H1,Mapa_RA_CE!$1:$1,0),FALSE)>0,$D40*VLOOKUP($B40,Mapa_RA_CE!$A:$AD,MATCH(H1,Mapa_RA_CE!$1:$1,0),FALSE),""),"") | I40: =IFERROR(IF(VLOOKUP($B40,Mapa_RA_CE!$A:$AD,MATCH(I1,Mapa_RA_CE!$1:$1,0),FALSE)>0,$D40*VLOOKUP($B40,Mapa_RA_CE!$A:$AD,MATCH(I1,Mapa_RA_CE!$1:$1,0),FALSE),""),"") | J40: =IFERROR(IF(VLOOKUP($B40,Mapa_RA_CE!$A:$AD,MATCH(J1,Mapa_RA_CE!$1:$1,0),FALSE)>0,$D40*VLOOKUP($B40,Mapa_RA_CE!$A:$AD,MATCH(J1,Mapa_RA_CE!$1:$1,0),FALSE),""),"") | K40: =IFERROR(IF(VLOOKUP($B40,Mapa_RA_CE!$A:$AD,MATCH(K1,Mapa_RA_CE!$1:$1,0),FALSE)>0,$D40*VLOOKUP($B40,Mapa_RA_CE!$A:$AD,MATCH(K1,Mapa_RA_CE!$1:$1,0),FALSE),""),"") | L40: =IFERROR(IF(VLOOKUP($B40,Mapa_RA_CE!$A:$AD,MATCH(L1,Mapa_RA_CE!$1:$1,0),FALSE)>0,$D40*VLOOKUP($B40,Mapa_RA_CE!$A:$AD,MATCH(L1,Mapa_RA_CE!$1:$1,0),FALSE),""),"") | M40: =IFERROR(IF(VLOOKUP($B40,Mapa_RA_CE!$A:$AD,MATCH(M1,Mapa_RA_CE!$1:$1,0),FALSE)>0,$D40*VLOOKUP($B40,Mapa_RA_CE!$A:$AD,MATCH(M1,Mapa_RA_CE!$1:$1,0),FALSE),""),"") | ... AC40: =IFERROR(IF(VLOOKUP($B40,Mapa_RA_CE!$A:$AD,MATCH(AC1,Mapa_RA_CE!$1:$1,0),FALSE)>0,$D40*VLOOKUP($B40,Mapa_RA_CE!$A:$AD,MATCH(AC1,Mapa_RA_CE!$1:$1,0),FALSE),""),"")
C41: =IFERROR(VLOOKUP($B41,Mapa_RA_CE!$A:$AD,2,FALSE),"") | F41: =IFERROR(IF(VLOOKUP($B41,Mapa_RA_CE!$A:$AD,MATCH(F1,Mapa_RA_CE!$1:$1,0),FALSE)>0,$D41*VLOOKUP($B41,Mapa_RA_CE!$A:$AD,MATCH(F1,Mapa_RA_CE!$1:$1,0),FALSE),""),"") | G41: =IFERROR(IF(VLOOKUP($B41,Mapa_RA_CE!$A:$AD,MATCH(G1,Mapa_RA_CE!$1:$1,0),FALSE)>0,$D41*VLOOKUP($B41,Mapa_RA_CE!$A:$AD,MATCH(G1,Mapa_RA_CE!$1:$1,0),FALSE),""),"") | H41: =IFERROR(IF(VLOOKUP($B41,Mapa_RA_CE!$A:$AD,MATCH(H1,Mapa_RA_CE!$1:$1,0),FALSE)>0,$D41*VLOOKUP($B41,Mapa_RA_CE!$A:$AD,MATCH(H1,Mapa_RA_CE!$1:$1,0),FALSE),""),"") | I41: =IFERROR(IF(VLOOKUP($B41,Mapa_RA_CE!$A:$AD,MATCH(I1,Mapa_RA_CE!$1:$1,0),FALSE)>0,$D41*VLOOKUP($B41,Mapa_RA_CE!$A:$AD,MATCH(I1,Mapa_RA_CE!$1:$1,0),FALSE),""),"") | J41: =IFERROR(IF(VLOOKUP($B41,Mapa_RA_CE!$A:$AD,MATCH(J1,Mapa_RA_CE!$1:$1,0),FALSE)>0,$D41*VLOOKUP($B41,Mapa_RA_CE!$A:$AD,MATCH(J1,Mapa_RA_CE!$1:$1,0),FALSE),""),"") | K41: =IFERROR(IF(VLOOKUP($B41,Mapa_RA_CE!$A:$AD,MATCH(K1,Mapa_RA_CE!$1:$1,0),FALSE)>0,$D41*VLOOKUP($B41,Mapa_RA_CE!$A:$AD,MATCH(K1,Mapa_RA_CE!$1:$1,0),FALSE),""),"") | L41: =IFERROR(IF(VLOOKUP($B41,Mapa_RA_CE!$A:$AD,MATCH(L1,Mapa_RA_CE!$1:$1,0),FALSE)>0,$D41*VLOOKUP($B41,Mapa_RA_CE!$A:$AD,MATCH(L1,Mapa_RA_CE!$1:$1,0),FALSE),""),"") | M41: =IFERROR(IF(VLOOKUP($B41,Mapa_RA_CE!$A:$AD,MATCH(M1,Mapa_RA_CE!$1:$1,0),FALSE)>0,$D41*VLOOKUP($B41,Mapa_RA_CE!$A:$AD,MATCH(M1,Mapa_RA_CE!$1:$1,0),FALSE),""),"") | ... AC41: =IFERROR(IF(VLOOKUP($B41,Mapa_RA_CE!$A:$AD,MATCH(AC1,Mapa_RA_CE!$1:$1,0),FALSE)>0,$D41*VLOOKUP($B41,Mapa_RA_CE!$A:$AD,MATCH(AC1,Mapa_RA_CE!$1:$1,0),FALSE),""),"")
C42: =IFERROR(VLOOKUP($B42,Mapa_RA_CE!$A:$AD,2,FALSE),"") | F42: =IFERROR(IF(VLOOKUP($B42,Mapa_RA_CE!$A:$AD,MATCH(F1,Mapa_RA_CE!$1:$1,0),FALSE)>0,$D42*VLOOKUP($B42,Mapa_RA_CE!$A:$AD,MATCH(F1,Mapa_RA_CE!$1:$1,0),FALSE),""),"") | G42: =IFERROR(IF(VLOOKUP($B42,Mapa_RA_CE!$A:$AD,MATCH(G1,Mapa_RA_CE!$1:$1,0),FALSE)>0,$D42*VLOOKUP($B42,Mapa_RA_CE!$A:$AD,MATCH(G1,Mapa_RA_CE!$1:$1,0),FALSE),""),"") | H42: =IFERROR(IF(VLOOKUP($B42,Mapa_RA_CE!$A:$AD,MATCH(H1,Mapa_RA_CE!$1:$1,0),FALSE)>0,$D42*VLOOKUP($B42,Mapa_RA_CE!$A:$AD,MATCH(H1,Mapa_RA_CE!$1:$1,0),FALSE),""),"") | I42: =IFERROR(IF(VLOOKUP($B42,Mapa_RA_CE!$A:$AD,MATCH(I1,Mapa_RA_CE!$1:$1,0),FALSE)>0,$D42*VLOOKUP($B42,Mapa_RA_CE!$A:$AD,MATCH(I1,Mapa_RA_CE!$1:$1,0),FALSE),""),"") | J42: =IFERROR(IF(VLOOKUP($B42,Mapa_RA_CE!$A:$AD,MATCH(J1,Mapa_RA_CE!$1:$1,0),FALSE)>0,$D42*VLOOKUP($B42,Mapa_RA_CE!$A:$AD,MATCH(J1,Mapa_RA_CE!$1:$1,0),FALSE),""),"") | K42: =IFERROR(IF(VLOOKUP($B42,Mapa_RA_CE!$A:$AD,MATCH(K1,Mapa_RA_CE!$1:$1,0),FALSE)>0,$D42*VLOOKUP($B42,Mapa_RA_CE!$A:$AD,MATCH(K1,Mapa_RA_CE!$1:$1,0),FALSE),""),"") | L42: =IFERROR(IF(VLOOKUP($B42,Mapa_RA_CE!$A:$AD,MATCH(L1,Mapa_RA_CE!$1:$1,0),FALSE)>0,$D42*VLOOKUP($B42,Mapa_RA_CE!$A:$AD,MATCH(L1,Mapa_RA_CE!$1:$1,0),FALSE),""),"") | M42: =IFERROR(IF(VLOOKUP($B42,Mapa_RA_CE!$A:$AD,MATCH(M1,Mapa_RA_CE!$1:$1,0),FALSE)>0,$D42*VLOOKUP($B42,Mapa_RA_CE!$A:$AD,MATCH(M1,Mapa_RA_CE!$1:$1,0),FALSE),""),"") | ... AC42: =IFERROR(IF(VLOOKUP($B42,Mapa_RA_CE!$A:$AD,MATCH(AC1,Mapa_RA_CE!$1:$1,0),FALSE)>0,$D42*VLOOKUP($B42,Mapa_RA_CE!$A:$AD,MATCH(AC1,Mapa_RA_CE!$1:$1,0),FALSE),""),"")
C43: =IFERROR(VLOOKUP($B43,Mapa_RA_CE!$A:$AD,2,FALSE),"") | F43: =IFERROR(IF(VLOOKUP($B43,Mapa_RA_CE!$A:$AD,MATCH(F1,Mapa_RA_CE!$1:$1,0),FALSE)>0,$D43*VLOOKUP($B43,Mapa_RA_CE!$A:$AD,MATCH(F1,Mapa_RA_CE!$1:$1,0),FALSE),""),"") | G43: =IFERROR(IF(VLOOKUP($B43,Mapa_RA_CE!$A:$AD,MATCH(G1,Mapa_RA_CE!$1:$1,0),FALSE)>0,$D43*VLOOKUP($B43,Mapa_RA_CE!$A:$AD,MATCH(G1,Mapa_RA_CE!$1:$1,0),FALSE),""),"") | H43: =IFERROR(IF(VLOOKUP($B43,Mapa_RA_CE!$A:$AD,MATCH(H1,Mapa_RA_CE!$1:$1,0),FALSE)>0,$D43*VLOOKUP($B43,Mapa_RA_CE!$A:$AD,MATCH(H1,Mapa_RA_CE!$1:$1,0),FALSE),""),"") | I43: =IFERROR(IF(VLOOKUP($B43,Mapa_RA_CE!$A:$AD,MATCH(I1,Mapa_RA_CE!$1:$1,0),FALSE)>0,$D43*VLOOKUP($B43,Mapa_RA_CE!$A:$AD,MATCH(I1,Mapa_RA_CE!$1:$1,0),FALSE),""),"") | J43: =IFERROR(IF(VLOOKUP($B43,Mapa_RA_CE!$A:$AD,MATCH(J1,Mapa_RA_CE!$1:$1,0),FALSE)>0,$D43*VLOOKUP($B43,Mapa_RA_CE!$A:$AD,MATCH(J1,Mapa_RA_CE!$1:$1,0),FALSE),""),"") | K43: =IFERROR(IF(VLOOKUP($B43,Mapa_RA_CE!$A:$AD,MATCH(K1,Mapa_RA_CE!$1:$1,0),FALSE)>0,$D43*VLOOKUP($B43,Mapa_RA_CE!$A:$AD,MATCH(K1,Mapa_RA_CE!$1:$1,0),FALSE),""),"") | L43: =IFERROR(IF(VLOOKUP($B43,Mapa_RA_CE!$A:$AD,MATCH(L1,Mapa_RA_CE!$1:$1,0),FALSE)>0,$D43*VLOOKUP($B43,Mapa_RA_CE!$A:$AD,MATCH(L1,Mapa_RA_CE!$1:$1,0),FALSE),""),"") | M43: =IFERROR(IF(VLOOKUP($B43,Mapa_RA_CE!$A:$AD,MATCH(M1,Mapa_RA_CE!$1:$1,0),FALSE)>0,$D43*VLOOKUP($B43,Mapa_RA_CE!$A:$AD,MATCH(M1,Mapa_RA_CE!$1:$1,0),FALSE),""),"") | ... AC43: =IFERROR(IF(VLOOKUP($B43,Mapa_RA_CE!$A:$AD,MATCH(AC1,Mapa_RA_CE!$1:$1,0),FALSE)>0,$D43*VLOOKUP($B43,Mapa_RA_CE!$A:$AD,MATCH(AC1,Mapa_RA_CE!$1:$1,0),FALSE),""),"")
C44: =IFERROR(VLOOKUP($B44,Mapa_RA_CE!$A:$AD,2,FALSE),"") | F44: =IFERROR(IF(VLOOKUP($B44,Mapa_RA_CE!$A:$AD,MATCH(F1,Mapa_RA_CE!$1:$1,0),FALSE)>0,$D44*VLOOKUP($B44,Mapa_RA_CE!$A:$AD,MATCH(F1,Mapa_RA_CE!$1:$1,0),FALSE),""),"") | G44: =IFERROR(IF(VLOOKUP($B44,Mapa_RA_CE!$A:$AD,MATCH(G1,Mapa_RA_CE!$1:$1,0),FALSE)>0,$D44*VLOOKUP($B44,Mapa_RA_CE!$A:$AD,MATCH(G1,Mapa_RA_CE!$1:$1,0),FALSE),""),"") | H44: =IFERROR(IF(VLOOKUP($B44,Mapa_RA_CE!$A:$AD,MATCH(H1,Mapa_RA_CE!$1:$1,0),FALSE)>0,$D44*VLOOKUP($B44,Mapa_RA_CE!$A:$AD,MATCH(H1,Mapa_RA_CE!$1:$1,0),FALSE),""),"") | I44: =IFERROR(IF(VLOOKUP($B44,Mapa_RA_CE!$A:$AD,MATCH(I1,Mapa_RA_CE!$1:$1,0),FALSE)>0,$D44*VLOOKUP($B44,Mapa_RA_CE!$A:$AD,MATCH(I1,Mapa_RA_CE!$1:$1,0),FALSE),""),"") | J44: =IFERROR(IF(VLOOKUP($B44,Mapa_RA_CE!$A:$AD,MATCH(J1,Mapa_RA_CE!$1:$1,0),FALSE)>0,$D44*VLOOKUP($B44,Mapa_RA_CE!$A:$AD,MATCH(J1,Mapa_RA_CE!$1:$1,0),FALSE),""),"") | K44: =IFERROR(IF(VLOOKUP($B44,Mapa_RA_CE!$A:$AD,MATCH(K1,Mapa_RA_CE!$1:$1,0),FALSE)>0,$D44*VLOOKUP($B44,Mapa_RA_CE!$A:$AD,MATCH(K1,Mapa_RA_CE!$1:$1,0),FALSE),""),"") | L44: =IFERROR(IF(VLOOKUP($B44,Mapa_RA_CE!$A:$AD,MATCH(L1,Mapa_RA_CE!$1:$1,0),FALSE)>0,$D44*VLOOKUP($B44,Mapa_RA_CE!$A:$AD,MATCH(L1,Mapa_RA_CE!$1:$1,0),FALSE),""),"") | M44: =IFERROR(IF(VLOOKUP($B44,Mapa_RA_CE!$A:$AD,MATCH(M1,Mapa_RA_CE!$1:$1,0),FALSE)>0,$D44*VLOOKUP($B44,Mapa_RA_CE!$A:$AD,MATCH(M1,Mapa_RA_CE!$1:$1,0),FALSE),""),"") | ... AC44: =IFERROR(IF(VLOOKUP($B44,Mapa_RA_CE!$A:$AD,MATCH(AC1,Mapa_RA_CE!$1:$1,0),FALSE)>0,$D44*VLOOKUP($B44,Mapa_RA_CE!$A:$AD,MATCH(AC1,Mapa_RA_CE!$1:$1,0),FALSE),""),"")
C45: =IFERROR(VLOOKUP($B45,Mapa_RA_CE!$A:$AD,2,FALSE),"") | F45: =IFERROR(IF(VLOOKUP($B45,Mapa_RA_CE!$A:$AD,MATCH(F1,Mapa_RA_CE!$1:$1,0),FALSE)>0,$D45*VLOOKUP($B45,Mapa_RA_CE!$A:$AD,MATCH(F1,Mapa_RA_CE!$1:$1,0),FALSE),""),"") | G45: =IFERROR(IF(VLOOKUP($B45,Mapa_RA_CE!$A:$AD,MATCH(G1,Mapa_RA_CE!$1:$1,0),FALSE)>0,$D45*VLOOKUP($B45,Mapa_RA_CE!$A:$AD,MATCH(G1,Mapa_RA_CE!$1:$1,0),FALSE),""),"") | H45: =IFERROR(IF(VLOOKUP($B45,Mapa_RA_CE!$A:$AD,MATCH(H1,Mapa_RA_CE!$1:$1,0),FALSE)>0,$D45*VLOOKUP($B45,Mapa_RA_CE!$A:$AD,MATCH(H1,Mapa_RA_CE!$1:$1,0),FALSE),""),"") | I45: =IFERROR(IF(VLOOKUP($B45,Mapa_RA_CE!$A:$AD,MATCH(I1,Mapa_RA_CE!$1:$1,0),FALSE)>0,$D45*VLOOKUP($B45,Mapa_RA_CE!$A:$AD,MATCH(I1,Mapa_RA_CE!$1:$1,0),FALSE),""),"") | J45: =IFERROR(IF(VLOOKUP($B45,Mapa_RA_CE!$A:$AD,MATCH(J1,Mapa_RA_CE!$1:$1,0),FALSE)>0,$D45*VLOOKUP($B45,Mapa_RA_CE!$A:$AD,MATCH(J1,Mapa_RA_CE!$1:$1,0),FALSE),""),"") | K45: =IFERROR(IF(VLOOKUP($B45,Mapa_RA_CE!$A:$AD,MATCH(K1,Mapa_RA_CE!$1:$1,0),FALSE)>0,$D45*VLOOKUP($B45,Mapa_RA_CE!$A:$AD,MATCH(K1,Mapa_RA_CE!$1:$1,0),FALSE),""),"") | L45: =IFERROR(IF(VLOOKUP($B45,Mapa_RA_CE!$A:$AD,MATCH(L1,Mapa_RA_CE!$1:$1,0),FALSE)>0,$D45*VLOOKUP($B45,Mapa_RA_CE!$A:$AD,MATCH(L1,Mapa_RA_CE!$1:$1,0),FALSE),""),"") | M45: =IFERROR(IF(VLOOKUP($B45,Mapa_RA_CE!$A:$AD,MATCH(M1,Mapa_RA_CE!$1:$1,0),FALSE)>0,$D45*VLOOKUP($B45,Mapa_RA_CE!$A:$AD,MATCH(M1,Mapa_RA_CE!$1:$1,0),FALSE),""),"") | ... AC45: =IFERROR(IF(VLOOKUP($B45,Mapa_RA_CE!$A:$AD,MATCH(AC1,Mapa_RA_CE!$1:$1,0),FALSE)>0,$D45*VLOOKUP($B45,Mapa_RA_CE!$A:$AD,MATCH(AC1,Mapa_RA_CE!$1:$1,0),FALSE),""),"")
C46: =IFERROR(VLOOKUP($B46,Mapa_RA_CE!$A:$AD,2,FALSE),"") | F46: =IFERROR(IF(VLOOKUP($B46,Mapa_RA_CE!$A:$AD,MATCH(F1,Mapa_RA_CE!$1:$1,0),FALSE)>0,$D46*VLOOKUP($B46,Mapa_RA_CE!$A:$AD,MATCH(F1,Mapa_RA_CE!$1:$1,0),FALSE),""),"") | G46: =IFERROR(IF(VLOOKUP($B46,Mapa_RA_CE!$A:$AD,MATCH(G1,Mapa_RA_CE!$1:$1,0),FALSE)>0,$D46*VLOOKUP($B46,Mapa_RA_CE!$A:$AD,MATCH(G1,Mapa_RA_CE!$1:$1,0),FALSE),""),"") | H46: =IFERROR(IF(VLOOKUP($B46,Mapa_RA_CE!$A:$AD,MATCH(H1,Mapa_RA_CE!$1:$1,0),FALSE)>0,$D46*VLOOKUP($B46,Mapa_RA_CE!$A:$AD,MATCH(H1,Mapa_RA_CE!$1:$1,0),FALSE),""),"") | I46: =IFERROR(IF(VLOOKUP($B46,Mapa_RA_CE!$A:$AD,MATCH(I1,Mapa_RA_CE!$1:$1,0),FALSE)>0,$D46*VLOOKUP($B46,Mapa_RA_CE!$A:$AD,MATCH(I1,Mapa_RA_CE!$1:$1,0),FALSE),""),"") | J46: =IFERROR(IF(VLOOKUP($B46,Mapa_RA_CE!$A:$AD,MATCH(J1,Mapa_RA_CE!$1:$1,0),FALSE)>0,$D46*VLOOKUP($B46,Mapa_RA_CE!$A:$AD,MATCH(J1,Mapa_RA_CE!$1:$1,0),FALSE),""),"") | K46: =IFERROR(IF(VLOOKUP($B46,Mapa_RA_CE!$A:$AD,MATCH(K1,Mapa_RA_CE!$1:$1,0),FALSE)>0,$D46*VLOOKUP($B46,Mapa_RA_CE!$A:$AD,MATCH(K1,Mapa_RA_CE!$1:$1,0),FALSE),""),"") | L46: =IFERROR(IF(VLOOKUP($B46,Mapa_RA_CE!$A:$AD,MATCH(L1,Mapa_RA_CE!$1:$1,0),FALSE)>0,$D46*VLOOKUP($B46,Mapa_RA_CE!$A:$AD,MATCH(L1,Mapa_RA_CE!$1:$1,0),FALSE),""),"") | M46: =IFERROR(IF(VLOOKUP($B46,Mapa_RA_CE!$A:$AD,MATCH(M1,Mapa_RA_CE!$1:$1,0),FALSE)>0,$D46*VLOOKUP($B46,Mapa_RA_CE!$A:$AD,MATCH(M1,Mapa_RA_CE!$1:$1,0),FALSE),""),"") | ... AC46: =IFERROR(IF(VLOOKUP($B46,Mapa_RA_CE!$A:$AD,MATCH(AC1,Mapa_RA_CE!$1:$1,0),FALSE)>0,$D46*VLOOKUP($B46,Mapa_RA_CE!$A:$AD,MATCH(AC1,Mapa_RA_CE!$1:$1,0),FALSE),""),"")
C47: =IFERROR(VLOOKUP($B47,Mapa_RA_CE!$A:$AD,2,FALSE),"") | F47: =IFERROR(IF(VLOOKUP($B47,Mapa_RA_CE!$A:$AD,MATCH(F1,Mapa_RA_CE!$1:$1,0),FALSE)>0,$D47*VLOOKUP($B47,Mapa_RA_CE!$A:$AD,MATCH(F1,Mapa_RA_CE!$1:$1,0),FALSE),""),"") | G47: =IFERROR(IF(VLOOKUP($B47,Mapa_RA_CE!$A:$AD,MATCH(G1,Mapa_RA_CE!$1:$1,0),FALSE)>0,$D47*VLOOKUP($B47,Mapa_RA_CE!$A:$AD,MATCH(G1,Mapa_RA_CE!$1:$1,0),FALSE),""),"") | H47: =IFERROR(IF(VLOOKUP($B47,Mapa_RA_CE!$A:$AD,MATCH(H1,Mapa_RA_CE!$1:$1,0),FALSE)>0,$D47*VLOOKUP($B47,Mapa_RA_CE!$A:$AD,MATCH(H1,Mapa_RA_CE!$1:$1,0),FALSE),""),"") | I47: =IFERROR(IF(VLOOKUP($B47,Mapa_RA_CE!$A:$AD,MATCH(I1,Mapa_RA_CE!$1:$1,0),FALSE)>0,$D47*VLOOKUP($B47,Mapa_RA_CE!$A:$AD,MATCH(I1,Mapa_RA_CE!$1:$1,0),FALSE),""),"") | J47: =IFERROR(IF(VLOOKUP($B47,Mapa_RA_CE!$A:$AD,MATCH(J1,Mapa_RA_CE!$1:$1,0),FALSE)>0,$D47*VLOOKUP($B47,Mapa_RA_CE!$A:$AD,MATCH(J1,Mapa_RA_CE!$1:$1,0),FALSE),""),"") | K47: =IFERROR(IF(VLOOKUP($B47,Mapa_RA_CE!$A:$AD,MATCH(K1,Mapa_RA_CE!$1:$1,0),FALSE)>0,$D47*VLOOKUP($B47,Mapa_RA_CE!$A:$AD,MATCH(K1,Mapa_RA_CE!$1:$1,0),FALSE),""),"") | L47: =IFERROR(IF(VLOOKUP($B47,Mapa_RA_CE!$A:$AD,MATCH(L1,Mapa_RA_CE!$1:$1,0),FALSE)>0,$D47*VLOOKUP($B47,Mapa_RA_CE!$A:$AD,MATCH(L1,Mapa_RA_CE!$1:$1,0),FALSE),""),"") | M47: =IFERROR(IF(VLOOKUP($B47,Mapa_RA_CE!$A:$AD,MATCH(M1,Mapa_RA_CE!$1:$1,0),FALSE)>0,$D47*VLOOKUP($B47,Mapa_RA_CE!$A:$AD,MATCH(M1,Mapa_RA_CE!$1:$1,0),FALSE),""),"") | ... AC47: =IFERROR(IF(VLOOKUP($B47,Mapa_RA_CE!$A:$AD,MATCH(AC1,Mapa_RA_CE!$1:$1,0),FALSE)>0,$D47*VLOOKUP($B47,Mapa_RA_CE!$A:$AD,MATCH(AC1,Mapa_RA_CE!$1:$1,0),FALSE),""),"")
C48: =IFERROR(VLOOKUP($B48,Mapa_RA_CE!$A:$AD,2,FALSE),"") | F48: =IFERROR(IF(VLOOKUP($B48,Mapa_RA_CE!$A:$AD,MATCH(F1,Mapa_RA_CE!$1:$1,0),FALSE)>0,$D48*VLOOKUP($B48,Mapa_RA_CE!$A:$AD,MATCH(F1,Mapa_RA_CE!$1:$1,0),FALSE),""),"") | G48: =IFERROR(IF(VLOOKUP($B48,Mapa_RA_CE!$A:$AD,MATCH(G1,Mapa_RA_CE!$1:$1,0),FALSE)>0,$D48*VLOOKUP($B48,Mapa_RA_CE!$A:$AD,MATCH(G1,Mapa_RA_CE!$1:$1,0),FALSE),""),"") | H48: =IFERROR(IF(VLOOKUP($B48,Mapa_RA_CE!$A:$AD,MATCH(H1,Mapa_RA_CE!$1:$1,0),FALSE)>0,$D48*VLOOKUP($B48,Mapa_RA_CE!$A:$AD,MATCH(H1,Mapa_RA_CE!$1:$1,0),FALSE),""),"") | I48: =IFERROR(IF(VLOOKUP($B48,Mapa_RA_CE!$A:$AD,MATCH(I1,Mapa_RA_CE!$1:$1,0),FALSE)>0,$D48*VLOOKUP($B48,Mapa_RA_CE!$A:$AD,MATCH(I1,Mapa_RA_CE!$1:$1,0),FALSE),""),"") | J48: =IFERROR(IF(VLOOKUP($B48,Mapa_RA_CE!$A:$AD,MATCH(J1,Mapa_RA_CE!$1:$1,0),FALSE)>0,$D48*VLOOKUP($B48,Mapa_RA_CE!$A:$AD,MATCH(J1,Mapa_RA_CE!$1:$1,0),FALSE),""),"") | K48: =IFERROR(IF(VLOOKUP($B48,Mapa_RA_CE!$A:$AD,MATCH(K1,Mapa_RA_CE!$1:$1,0),FALSE)>0,$D48*VLOOKUP($B48,Mapa_RA_CE!$A:$AD,MATCH(K1,Mapa_RA_CE!$1:$1,0),FALSE),""),"") | L48: =IFERROR(IF(VLOOKUP($B48,Mapa_RA_CE!$A:$AD,MATCH(L1,Mapa_RA_CE!$1:$1,0),FALSE)>0,$D48*VLOOKUP($B48,Mapa_RA_CE!$A:$AD,MATCH(L1,Mapa_RA_CE!$1:$1,0),FALSE),""),"") | M48: =IFERROR(IF(VLOOKUP($B48,Mapa_RA_CE!$A:$AD,MATCH(M1,Mapa_RA_CE!$1:$1,0),FALSE)>0,$D48*VLOOKUP($B48,Mapa_RA_CE!$A:$AD,MATCH(M1,Mapa_RA_CE!$1:$1,0),FALSE),""),"") | ... AC48: =IFERROR(IF(VLOOKUP($B48,Mapa_RA_CE!$A:$AD,MATCH(AC1,Mapa_RA_CE!$1:$1,0),FALSE)>0,$D48*VLOOKUP($B48,Mapa_RA_CE!$A:$AD,MATCH(AC1,Mapa_RA_CE!$1:$1,0),FALSE),""),"")
C49: =IFERROR(VLOOKUP($B49,Mapa_RA_CE!$A:$AD,2,FALSE),"") | F49: =IFERROR(IF(VLOOKUP($B49,Mapa_RA_CE!$A:$AD,MATCH(F1,Mapa_RA_CE!$1:$1,0),FALSE)>0,$D49*VLOOKUP($B49,Mapa_RA_CE!$A:$AD,MATCH(F1,Mapa_RA_CE!$1:$1,0),FALSE),""),"") | G49: =IFERROR(IF(VLOOKUP($B49,Mapa_RA_CE!$A:$AD,MATCH(G1,Mapa_RA_CE!$1:$1,0),FALSE)>0,$D49*VLOOKUP($B49,Mapa_RA_CE!$A:$AD,MATCH(G1,Mapa_RA_CE!$1:$1,0),FALSE),""),"") | H49: =IFERROR(IF(VLOOKUP($B49,Mapa_RA_CE!$A:$AD,MATCH(H1,Mapa_RA_CE!$1:$1,0),FALSE)>0,$D49*VLOOKUP($B49,Mapa_RA_CE!$A:$AD,MATCH(H1,Mapa_RA_CE!$1:$1,0),FALSE),""),"") | I49: =IFERROR(IF(VLOOKUP($B49,Mapa_RA_CE!$A:$AD,MATCH(I1,Mapa_RA_CE!$1:$1,0),FALSE)>0,$D49*VLOOKUP($B49,Mapa_RA_CE!$A:$AD,MATCH(I1,Mapa_RA_CE!$1:$1,0),FALSE),""),"") | J49: =IFERROR(IF(VLOOKUP($B49,Mapa_RA_CE!$A:$AD,MATCH(J1,Mapa_RA_CE!$1:$1,0),FALSE)>0,$D49*VLOOKUP($B49,Mapa_RA_CE!$A:$AD,MATCH(J1,Mapa_RA_CE!$1:$1,0),FALSE),""),"") | K49: =IFERROR(IF(VLOOKUP($B49,Mapa_RA_CE!$A:$AD,MATCH(K1,Mapa_RA_CE!$1:$1,0),FALSE)>0,$D49*VLOOKUP($B49,Mapa_RA_CE!$A:$AD,MATCH(K1,Mapa_RA_CE!$1:$1,0),FALSE),""),"") | L49: =IFERROR(IF(VLOOKUP($B49,Mapa_RA_CE!$A:$AD,MATCH(L1,Mapa_RA_CE!$1:$1,0),FALSE)>0,$D49*VLOOKUP($B49,Mapa_RA_CE!$A:$AD,MATCH(L1,Mapa_RA_CE!$1:$1,0),FALSE),""),"") | M49: =IFERROR(IF(VLOOKUP($B49,Mapa_RA_CE!$A:$AD,MATCH(M1,Mapa_RA_CE!$1:$1,0),FALSE)>0,$D49*VLOOKUP($B49,Mapa_RA_CE!$A:$AD,MATCH(M1,Mapa_RA_CE!$1:$1,0),FALSE),""),"") | ... AC49: =IFERROR(IF(VLOOKUP($B49,Mapa_RA_CE!$A:$AD,MATCH(AC1,Mapa_RA_CE!$1:$1,0),FALSE)>0,$D49*VLOOKUP($B49,Mapa_RA_CE!$A:$AD,MATCH(AC1,Mapa_RA_CE!$1:$1,0),FALSE),""),"")
C50: =IFERROR(VLOOKUP($B50,Mapa_RA_CE!$A:$AD,2,FALSE),"") | F50: =IFERROR(IF(VLOOKUP($B50,Mapa_RA_CE!$A:$AD,MATCH(F1,Mapa_RA_CE!$1:$1,0),FALSE)>0,$D50*VLOOKUP($B50,Mapa_RA_CE!$A:$AD,MATCH(F1,Mapa_RA_CE!$1:$1,0),FALSE),""),"") | G50: =IFERROR(IF(VLOOKUP($B50,Mapa_RA_CE!$A:$AD,MATCH(G1,Mapa_RA_CE!$1:$1,0),FALSE)>0,$D50*VLOOKUP($B50,Mapa_RA_CE!$A:$AD,MATCH(G1,Mapa_RA_CE!$1:$1,0),FALSE),""),"") | H50: =IFERROR(IF(VLOOKUP($B50,Mapa_RA_CE!$A:$AD,MATCH(H1,Mapa_RA_CE!$1:$1,0),FALSE)>0,$D50*VLOOKUP($B50,Mapa_RA_CE!$A:$AD,MATCH(H1,Mapa_RA_CE!$1:$1,0),FALSE),""),"") | I50: =IFERROR(IF(VLOOKUP($B50,Mapa_RA_CE!$A:$AD,MATCH(I1,Mapa_RA_CE!$1:$1,0),FALSE)>0,$D50*VLOOKUP($B50,Mapa_RA_CE!$A:$AD,MATCH(I1,Mapa_RA_CE!$1:$1,0),FALSE),""),"") | J50: =IFERROR(IF(VLOOKUP($B50,Mapa_RA_CE!$A:$AD,MATCH(J1,Mapa_RA_CE!$1:$1,0),FALSE)>0,$D50*VLOOKUP($B50,Mapa_RA_CE!$A:$AD,MATCH(J1,Mapa_RA_CE!$1:$1,0),FALSE),""),"") | K50: =IFERROR(IF(VLOOKUP($B50,Mapa_RA_CE!$A:$AD,MATCH(K1,Mapa_RA_CE!$1:$1,0),FALSE)>0,$D50*VLOOKUP($B50,Mapa_RA_CE!$A:$AD,MATCH(K1,Mapa_RA_CE!$1:$1,0),FALSE),""),"") | L50: =IFERROR(IF(VLOOKUP($B50,Mapa_RA_CE!$A:$AD,MATCH(L1,Mapa_RA_CE!$1:$1,0),FALSE)>0,$D50*VLOOKUP($B50,Mapa_RA_CE!$A:$AD,MATCH(L1,Mapa_RA_CE!$1:$1,0),FALSE),""),"") | M50: =IFERROR(IF(VLOOKUP($B50,Mapa_RA_CE!$A:$AD,MATCH(M1,Mapa_RA_CE!$1:$1,0),FALSE)>0,$D50*VLOOKUP($B50,Mapa_RA_CE!$A:$AD,MATCH(M1,Mapa_RA_CE!$1:$1,0),FALSE),""),"") | ... AC50: =IFERROR(IF(VLOOKUP($B50,Mapa_RA_CE!$A:$AD,MATCH(AC1,Mapa_RA_CE!$1:$1,0),FALSE)>0,$D50*VLOOKUP($B50,Mapa_RA_CE!$A:$AD,MATCH(AC1,Mapa_RA_CE!$1:$1,0),FALSE),""),"")
C51: =IFERROR(VLOOKUP($B51,Mapa_RA_CE!$A:$AD,2,FALSE),"") | F51: =IFERROR(IF(VLOOKUP($B51,Mapa_RA_CE!$A:$AD,MATCH(F1,Mapa_RA_CE!$1:$1,0),FALSE)>0,$D51*VLOOKUP($B51,Mapa_RA_CE!$A:$AD,MATCH(F1,Mapa_RA_CE!$1:$1,0),FALSE),""),"") | G51: =IFERROR(IF(VLOOKUP($B51,Mapa_RA_CE!$A:$AD,MATCH(G1,Mapa_RA_CE!$1:$1,0),FALSE)>0,$D51*VLOOKUP($B51,Mapa_RA_CE!$A:$AD,MATCH(G1,Mapa_RA_CE!$1:$1,0),FALSE),""),"") | H51: =IFERROR(IF(VLOOKUP($B51,Mapa_RA_CE!$A:$AD,MATCH(H1,Mapa_RA_CE!$1:$1,0),FALSE)>0,$D51*VLOOKUP($B51,Mapa_RA_CE!$A:$AD,MATCH(H1,Mapa_RA_CE!$1:$1,0),FALSE),""),"") | I51: =IFERROR(IF(VLOOKUP($B51,Mapa_RA_CE!$A:$AD,MATCH(I1,Mapa_RA_CE!$1:$1,0),FALSE)>0,$D51*VLOOKUP($B51,Mapa_RA_CE!$A:$AD,MATCH(I1,Mapa_RA_CE!$1:$1,0),FALSE),""),"") | J51: =IFERROR(IF(VLOOKUP($B51,Mapa_RA_CE!$A:$AD,MATCH(J1,Mapa_RA_CE!$1:$1,0),FALSE)>0,$D51*VLOOKUP($B51,Mapa_RA_CE!$A:$AD,MATCH(J1,Mapa_RA_CE!$1:$1,0),FALSE),""),"") | K51: =IFERROR(IF(VLOOKUP($B51,Mapa_RA_CE!$A:$AD,MATCH(K1,Mapa_RA_CE!$1:$1,0),FALSE)>0,$D51*VLOOKUP($B51,Mapa_RA_CE!$A:$AD,MATCH(K1,Mapa_RA_CE!$1:$1,0),FALSE),""),"") | L51: =IFERROR(IF(VLOOKUP($B51,Mapa_RA_CE!$A:$AD,MATCH(L1,Mapa_RA_CE!$1:$1,0),FALSE)>0,$D51*VLOOKUP($B51,Mapa_RA_CE!$A:$AD,MATCH(L1,Mapa_RA_CE!$1:$1,0),FALSE),""),"") | M51: =IFERROR(IF(VLOOKUP($B51,Mapa_RA_CE!$A:$AD,MATCH(M1,Mapa_RA_CE!$1:$1,0),FALSE)>0,$D51*VLOOKUP($B51,Mapa_RA_CE!$A:$AD,MATCH(M1,Mapa_RA_CE!$1:$1,0),FALSE),""),"") | ... AC51: =IFERROR(IF(VLOOKUP($B51,Mapa_RA_CE!$A:$AD,MATCH(AC1,Mapa_RA_CE!$1:$1,0),FALSE)>0,$D51*VLOOKUP($B51,Mapa_RA_CE!$A:$AD,MATCH(AC1,Mapa_RA_CE!$1:$1,0),FALSE),""),"")
C52: =IFERROR(VLOOKUP($B52,Mapa_RA_CE!$A:$AD,2,FALSE),"") | F52: =IFERROR(IF(VLOOKUP($B52,Mapa_RA_CE!$A:$AD,MATCH(F1,Mapa_RA_CE!$1:$1,0),FALSE)>0,$D52*VLOOKUP($B52,Mapa_RA_CE!$A:$AD,MATCH(F1,Mapa_RA_CE!$1:$1,0),FALSE),""),"") | G52: =IFERROR(IF(VLOOKUP($B52,Mapa_RA_CE!$A:$AD,MATCH(G1,Mapa_RA_CE!$1:$1,0),FALSE)>0,$D52*VLOOKUP($B52,Mapa_RA_CE!$A:$AD,MATCH(G1,Mapa_RA_CE!$1:$1,0),FALSE),""),"") | H52: =IFERROR(IF(VLOOKUP($B52,Mapa_RA_CE!$A:$AD,MATCH(H1,Mapa_RA_CE!$1:$1,0),FALSE)>0,$D52*VLOOKUP($B52,Mapa_RA_CE!$A:$AD,MATCH(H1,Mapa_RA_CE!$1:$1,0),FALSE),""),"") | I52: =IFERROR(IF(VLOOKUP($B52,Mapa_RA_CE!$A:$AD,MATCH(I1,Mapa_RA_CE!$1:$1,0),FALSE)>0,$D52*VLOOKUP($B52,Mapa_RA_CE!$A:$AD,MATCH(I1,Mapa_RA_CE!$1:$1,0),FALSE),""),"") | J52: =IFERROR(IF(VLOOKUP($B52,Mapa_RA_CE!$A:$AD,MATCH(J1,Mapa_RA_CE!$1:$1,0),FALSE)>0,$D52*VLOOKUP($B52,Mapa_RA_CE!$A:$AD,MATCH(J1,Mapa_RA_CE!$1:$1,0),FALSE),""),"") | K52: =IFERROR(IF(VLOOKUP($B52,Mapa_RA_CE!$A:$AD,MATCH(K1,Mapa_RA_CE!$1:$1,0),FALSE)>0,$D52*VLOOKUP($B52,Mapa_RA_CE!$A:$AD,MATCH(K1,Mapa_RA_CE!$1:$1,0),FALSE),""),"") | L52: =IFERROR(IF(VLOOKUP($B52,Mapa_RA_CE!$A:$AD,MATCH(L1,Mapa_RA_CE!$1:$1,0),FALSE)>0,$D52*VLOOKUP($B52,Mapa_RA_CE!$A:$AD,MATCH(L1,Mapa_RA_CE!$1:$1,0),FALSE),""),"") | M52: =IFERROR(IF(VLOOKUP($B52,Mapa_RA_CE!$A:$AD,MATCH(M1,Mapa_RA_CE!$1:$1,0),FALSE)>0,$D52*VLOOKUP($B52,Mapa_RA_CE!$A:$AD,MATCH(M1,Mapa_RA_CE!$1:$1,0),FALSE),""),"") | ... AC52: =IFERROR(IF(VLOOKUP($B52,Mapa_RA_CE!$A:$AD,MATCH(AC1,Mapa_RA_CE!$1:$1,0),FALSE)>0,$D52*VLOOKUP($B52,Mapa_RA_CE!$A:$AD,MATCH(AC1,Mapa_RA_CE!$1:$1,0),FALSE),""),"")
C53: =IFERROR(VLOOKUP($B53,Mapa_RA_CE!$A:$AD,2,FALSE),"") | F53: =IFERROR(IF(VLOOKUP($B53,Mapa_RA_CE!$A:$AD,MATCH(F1,Mapa_RA_CE!$1:$1,0),FALSE)>0,$D53*VLOOKUP($B53,Mapa_RA_CE!$A:$AD,MATCH(F1,Mapa_RA_CE!$1:$1,0),FALSE),""),"") | G53: =IFERROR(IF(VLOOKUP($B53,Mapa_RA_CE!$A:$AD,MATCH(G1,Mapa_RA_CE!$1:$1,0),FALSE)>0,$D53*VLOOKUP($B53,Mapa_RA_CE!$A:$AD,MATCH(G1,Mapa_RA_CE!$1:$1,0),FALSE),""),"") | H53: =IFERROR(IF(VLOOKUP($B53,Mapa_RA_CE!$A:$AD,MATCH(H1,Mapa_RA_CE!$1:$1,0),FALSE)>0,$D53*VLOOKUP($B53,Mapa_RA_CE!$A:$AD,MATCH(H1,Mapa_RA_CE!$1:$1,0),FALSE),""),"") | I53: =IFERROR(IF(VLOOKUP($B53,Mapa_RA_CE!$A:$AD,MATCH(I1,Mapa_RA_CE!$1:$1,0),FALSE)>0,$D53*VLOOKUP($B53,Mapa_RA_CE!$A:$AD,MATCH(I1,Mapa_RA_CE!$1:$1,0),FALSE),""),"") | J53: =IFERROR(IF(VLOOKUP($B53,Mapa_RA_CE!$A:$AD,MATCH(J1,Mapa_RA_CE!$1:$1,0),FALSE)>0,$D53*VLOOKUP($B53,Mapa_RA_CE!$A:$AD,MATCH(J1,Mapa_RA_CE!$1:$1,0),FALSE),""),"") | K53: =IFERROR(IF(VLOOKUP($B53,Mapa_RA_CE!$A:$AD,MATCH(K1,Mapa_RA_CE!$1:$1,0),FALSE)>0,$D53*VLOOKUP($B53,Mapa_RA_CE!$A:$AD,MATCH(K1,Mapa_RA_CE!$1:$1,0),FALSE),""),"") | L53: =IFERROR(IF(VLOOKUP($B53,Mapa_RA_CE!$A:$AD,MATCH(L1,Mapa_RA_CE!$1:$1,0),FALSE)>0,$D53*VLOOKUP($B53,Mapa_RA_CE!$A:$AD,MATCH(L1,Mapa_RA_CE!$1:$1,0),FALSE),""),"") | M53: =IFERROR(IF(VLOOKUP($B53,Mapa_RA_CE!$A:$AD,MATCH(M1,Mapa_RA_CE!$1:$1,0),FALSE)>0,$D53*VLOOKUP($B53,Mapa_RA_CE!$A:$AD,MATCH(M1,Mapa_RA_CE!$1:$1,0),FALSE),""),"") | ... AC53: =IFERROR(IF(VLOOKUP($B53,Mapa_RA_CE!$A:$AD,MATCH(AC1,Mapa_RA_CE!$1:$1,0),FALSE)>0,$D53*VLOOKUP($B53,Mapa_RA_CE!$A:$AD,MATCH(AC1,Mapa_RA_CE!$1:$1,0),FALSE),""),"")
C54: =IFERROR(VLOOKUP($B54,Mapa_RA_CE!$A:$AD,2,FALSE),"") | F54: =IFERROR(IF(VLOOKUP($B54,Mapa_RA_CE!$A:$AD,MATCH(F1,Mapa_RA_CE!$1:$1,0),FALSE)>0,$D54*VLOOKUP($B54,Mapa_RA_CE!$A:$AD,MATCH(F1,Mapa_RA_CE!$1:$1,0),FALSE),""),"") | G54: =IFERROR(IF(VLOOKUP($B54,Mapa_RA_CE!$A:$AD,MATCH(G1,Mapa_RA_CE!$1:$1,0),FALSE)>0,$D54*VLOOKUP($B54,Mapa_RA_CE!$A:$AD,MATCH(G1,Mapa_RA_CE!$1:$1,0),FALSE),""),"") | H54: =IFERROR(IF(VLOOKUP($B54,Mapa_RA_CE!$A:$AD,MATCH(H1,Mapa_RA_CE!$1:$1,0),FALSE)>0,$D54*VLOOKUP($B54,Mapa_RA_CE!$A:$AD,MATCH(H1,Mapa_RA_CE!$1:$1,0),FALSE),""),"") | I54: =IFERROR(IF(VLOOKUP($B54,Mapa_RA_CE!$A:$AD,MATCH(I1,Mapa_RA_CE!$1:$1,0),FALSE)>0,$D54*VLOOKUP($B54,Mapa_RA_CE!$A:$AD,MATCH(I1,Mapa_RA_CE!$1:$1,0),FALSE),""),"") | J54: =IFERROR(IF(VLOOKUP($B54,Mapa_RA_CE!$A:$AD,MATCH(J1,Mapa_RA_CE!$1:$1,0),FALSE)>0,$D54*VLOOKUP($B54,Mapa_RA_CE!$A:$AD,MATCH(J1,Mapa_RA_CE!$1:$1,0),FALSE),""),"") | K54: =IFERROR(IF(VLOOKUP($B54,Mapa_RA_CE!$A:$AD,MATCH(K1,Mapa_RA_CE!$1:$1,0),FALSE)>0,$D54*VLOOKUP($B54,Mapa_RA_CE!$A:$AD,MATCH(K1,Mapa_RA_CE!$1:$1,0),FALSE),""),"") | L54: =IFERROR(IF(VLOOKUP($B54,Mapa_RA_CE!$A:$AD,MATCH(L1,Mapa_RA_CE!$1:$1,0),FALSE)>0,$D54*VLOOKUP($B54,Mapa_RA_CE!$A:$AD,MATCH(L1,Mapa_RA_CE!$1:$1,0),FALSE),""),"") | M54: =IFERROR(IF(VLOOKUP($B54,Mapa_RA_CE!$A:$AD,MATCH(M1,Mapa_RA_CE!$1:$1,0),FALSE)>0,$D54*VLOOKUP($B54,Mapa_RA_CE!$A:$AD,MATCH(M1,Mapa_RA_CE!$1:$1,0),FALSE),""),"") | ... AC54: =IFERROR(IF(VLOOKUP($B54,Mapa_RA_CE!$A:$AD,MATCH(AC1,Mapa_RA_CE!$1:$1,0),FALSE)>0,$D54*VLOOKUP($B54,Mapa_RA_CE!$A:$AD,MATCH(AC1,Mapa_RA_CE!$1:$1,0),FALSE),""),"")
C55: =IFERROR(VLOOKUP($B55,Mapa_RA_CE!$A:$AD,2,FALSE),"") | F55: =IFERROR(IF(VLOOKUP($B55,Mapa_RA_CE!$A:$AD,MATCH(F1,Mapa_RA_CE!$1:$1,0),FALSE)>0,$D55*VLOOKUP($B55,Mapa_RA_CE!$A:$AD,MATCH(F1,Mapa_RA_CE!$1:$1,0),FALSE),""),"") | G55: =IFERROR(IF(VLOOKUP($B55,Mapa_RA_CE!$A:$AD,MATCH(G1,Mapa_RA_CE!$1:$1,0),FALSE)>0,$D55*VLOOKUP($B55,Mapa_RA_CE!$A:$AD,MATCH(G1,Mapa_RA_CE!$1:$1,0),FALSE),""),"") | H55: =IFERROR(IF(VLOOKUP($B55,Mapa_RA_CE!$A:$AD,MATCH(H1,Mapa_RA_CE!$1:$1,0),FALSE)>0,$D55*VLOOKUP($B55,Mapa_RA_CE!$A:$AD,MATCH(H1,Mapa_RA_CE!$1:$1,0),FALSE),""),"") | I55: =IFERROR(IF(VLOOKUP($B55,Mapa_RA_CE!$A:$AD,MATCH(I1,Mapa_RA_CE!$1:$1,0),FALSE)>0,$D55*VLOOKUP($B55,Mapa_RA_CE!$A:$AD,MATCH(I1,Mapa_RA_CE!$1:$1,0),FALSE),""),"") | J55: =IFERROR(IF(VLOOKUP($B55,Mapa_RA_CE!$A:$AD,MATCH(J1,Mapa_RA_CE!$1:$1,0),FALSE)>0,$D55*VLOOKUP($B55,Mapa_RA_CE!$A:$AD,MATCH(J1,Mapa_RA_CE!$1:$1,0),FALSE),""),"") | K55: =IFERROR(IF(VLOOKUP($B55,Mapa_RA_CE!$A:$AD,MATCH(K1,Mapa_RA_CE!$1:$1,0),FALSE)>0,$D55*VLOOKUP($B55,Mapa_RA_CE!$A:$AD,MATCH(K1,Mapa_RA_CE!$1:$1,0),FALSE),""),"") | L55: =IFERROR(IF(VLOOKUP($B55,Mapa_RA_CE!$A:$AD,MATCH(L1,Mapa_RA_CE!$1:$1,0),FALSE)>0,$D55*VLOOKUP($B55,Mapa_RA_CE!$A:$AD,MATCH(L1,Mapa_RA_CE!$1:$1,0),FALSE),""),"") | M55: =IFERROR(IF(VLOOKUP($B55,Mapa_RA_CE!$A:$AD,MATCH(M1,Mapa_RA_CE!$1:$1,0),FALSE)>0,$D55*VLOOKUP($B55,Mapa_RA_CE!$A:$AD,MATCH(M1,Mapa_RA_CE!$1:$1,0),FALSE),""),"") | ... AC55: =IFERROR(IF(VLOOKUP($B55,Mapa_RA_CE!$A:$AD,MATCH(AC1,Mapa_RA_CE!$1:$1,0),FALSE)>0,$D55*VLOOKUP($B55,Mapa_RA_CE!$A:$AD,MATCH(AC1,Mapa_RA_CE!$1:$1,0),FALSE),""),"")
C56: =IFERROR(VLOOKUP($B56,Mapa_RA_CE!$A:$AD,2,FALSE),"") | F56: =IFERROR(IF(VLOOKUP($B56,Mapa_RA_CE!$A:$AD,MATCH(F1,Mapa_RA_CE!$1:$1,0),FALSE)>0,$D56*VLOOKUP($B56,Mapa_RA_CE!$A:$AD,MATCH(F1,Mapa_RA_CE!$1:$1,0),FALSE),""),"") | G56: =IFERROR(IF(VLOOKUP($B56,Mapa_RA_CE!$A:$AD,MATCH(G1,Mapa_RA_CE!$1:$1,0),FALSE)>0,$D56*VLOOKUP($B56,Mapa_RA_CE!$A:$AD,MATCH(G1,Mapa_RA_CE!$1:$1,0),FALSE),""),"") | H56: =IFERROR(IF(VLOOKUP($B56,Mapa_RA_CE!$A:$AD,MATCH(H1,Mapa_RA_CE!$1:$1,0),FALSE)>0,$D56*VLOOKUP($B56,Mapa_RA_CE!$A:$AD,MATCH(H1,Mapa_RA_CE!$1:$1,0),FALSE),""),"") | I56: =IFERROR(IF(VLOOKUP($B56,Mapa_RA_CE!$A:$AD,MATCH(I1,Mapa_RA_CE!$1:$1,0),FALSE)>0,$D56*VLOOKUP($B56,Mapa_RA_CE!$A:$AD,MATCH(I1,Mapa_RA_CE!$1:$1,0),FALSE),""),"") | J56: =IFERROR(IF(VLOOKUP($B56,Mapa_RA_CE!$A:$AD,MATCH(J1,Mapa_RA_CE!$1:$1,0),FALSE)>0,$D56*VLOOKUP($B56,Mapa_RA_CE!$A:$AD,MATCH(J1,Mapa_RA_CE!$1:$1,0),FALSE),""),"") | K56: =IFERROR(IF(VLOOKUP($B56,Mapa_RA_CE!$A:$AD,MATCH(K1,Mapa_RA_CE!$1:$1,0),FALSE)>0,$D56*VLOOKUP($B56,Mapa_RA_CE!$A:$AD,MATCH(K1,Mapa_RA_CE!$1:$1,0),FALSE),""),"") | L56: =IFERROR(IF(VLOOKUP($B56,Mapa_RA_CE!$A:$AD,MATCH(L1,Mapa_RA_CE!$1:$1,0),FALSE)>0,$D56*VLOOKUP($B56,Mapa_RA_CE!$A:$AD,MATCH(L1,Mapa_RA_CE!$1:$1,0),FALSE),""),"") | M56: =IFERROR(IF(VLOOKUP($B56,Mapa_RA_CE!$A:$AD,MATCH(M1,Mapa_RA_CE!$1:$1,0),FALSE)>0,$D56*VLOOKUP($B56,Mapa_RA_CE!$A:$AD,MATCH(M1,Mapa_RA_CE!$1:$1,0),FALSE),""),"") | ... AC56: =IFERROR(IF(VLOOKUP($B56,Mapa_RA_CE!$A:$AD,MATCH(AC1,Mapa_RA_CE!$1:$1,0),FALSE)>0,$D56*VLOOKUP($B56,Mapa_RA_CE!$A:$AD,MATCH(AC1,Mapa_RA_CE!$1:$1,0),FALSE),""),"")
C57: =IFERROR(VLOOKUP($B57,Mapa_RA_CE!$A:$AD,2,FALSE),"") | F57: =IFERROR(IF(VLOOKUP($B57,Mapa_RA_CE!$A:$AD,MATCH(F1,Mapa_RA_CE!$1:$1,0),FALSE)>0,$D57*VLOOKUP($B57,Mapa_RA_CE!$A:$AD,MATCH(F1,Mapa_RA_CE!$1:$1,0),FALSE),""),"") | G57: =IFERROR(IF(VLOOKUP($B57,Mapa_RA_CE!$A:$AD,MATCH(G1,Mapa_RA_CE!$1:$1,0),FALSE)>0,$D57*VLOOKUP($B57,Mapa_RA_CE!$A:$AD,MATCH(G1,Mapa_RA_CE!$1:$1,0),FALSE),""),"") | H57: =IFERROR(IF(VLOOKUP($B57,Mapa_RA_CE!$A:$AD,MATCH(H1,Mapa_RA_CE!$1:$1,0),FALSE)>0,$D57*VLOOKUP($B57,Mapa_RA_CE!$A:$AD,MATCH(H1,Mapa_RA_CE!$1:$1,0),FALSE),""),"") | I57: =IFERROR(IF(VLOOKUP($B57,Mapa_RA_CE!$A:$AD,MATCH(I1,Mapa_RA_CE!$1:$1,0),FALSE)>0,$D57*VLOOKUP($B57,Mapa_RA_CE!$A:$AD,MATCH(I1,Mapa_RA_CE!$1:$1,0),FALSE),""),"") | J57: =IFERROR(IF(VLOOKUP($B57,Mapa_RA_CE!$A:$AD,MATCH(J1,Mapa_RA_CE!$1:$1,0),FALSE)>0,$D57*VLOOKUP($B57,Mapa_RA_CE!$A:$AD,MATCH(J1,Mapa_RA_CE!$1:$1,0),FALSE),""),"") | K57: =IFERROR(IF(VLOOKUP($B57,Mapa_RA_CE!$A:$AD,MATCH(K1,Mapa_RA_CE!$1:$1,0),FALSE)>0,$D57*VLOOKUP($B57,Mapa_RA_CE!$A:$AD,MATCH(K1,Mapa_RA_CE!$1:$1,0),FALSE),""),"") | L57: =IFERROR(IF(VLOOKUP($B57,Mapa_RA_CE!$A:$AD,MATCH(L1,Mapa_RA_CE!$1:$1,0),FALSE)>0,$D57*VLOOKUP($B57,Mapa_RA_CE!$A:$AD,MATCH(L1,Mapa_RA_CE!$1:$1,0),FALSE),""),"") | M57: =IFERROR(IF(VLOOKUP($B57,Mapa_RA_CE!$A:$AD,MATCH(M1,Mapa_RA_CE!$1:$1,0),FALSE)>0,$D57*VLOOKUP($B57,Mapa_RA_CE!$A:$AD,MATCH(M1,Mapa_RA_CE!$1:$1,0),FALSE),""),"") | ... AC57: =IFERROR(IF(VLOOKUP($B57,Mapa_RA_CE!$A:$AD,MATCH(AC1,Mapa_RA_CE!$1:$1,0),FALSE)>0,$D57*VLOOKUP($B57,Mapa_RA_CE!$A:$AD,MATCH(AC1,Mapa_RA_CE!$1:$1,0),FALSE),""),"")
C58: =IFERROR(VLOOKUP($B58,Mapa_RA_CE!$A:$AD,2,FALSE),"") | F58: =IFERROR(IF(VLOOKUP($B58,Mapa_RA_CE!$A:$AD,MATCH(F1,Mapa_RA_CE!$1:$1,0),FALSE)>0,$D58*VLOOKUP($B58,Mapa_RA_CE!$A:$AD,MATCH(F1,Mapa_RA_CE!$1:$1,0),FALSE),""),"") | G58: =IFERROR(IF(VLOOKUP($B58,Mapa_RA_CE!$A:$AD,MATCH(G1,Mapa_RA_CE!$1:$1,0),FALSE)>0,$D58*VLOOKUP($B58,Mapa_RA_CE!$A:$AD,MATCH(G1,Mapa_RA_CE!$1:$1,0),FALSE),""),"") | H58: =IFERROR(IF(VLOOKUP($B58,Mapa_RA_CE!$A:$AD,MATCH(H1,Mapa_RA_CE!$1:$1,0),FALSE)>0,$D58*VLOOKUP($B58,Mapa_RA_CE!$A:$AD,MATCH(H1,Mapa_RA_CE!$1:$1,0),FALSE),""),"") | I58: =IFERROR(IF(VLOOKUP($B58,Mapa_RA_CE!$A:$AD,MATCH(I1,Mapa_RA_CE!$1:$1,0),FALSE)>0,$D58*VLOOKUP($B58,Mapa_RA_CE!$A:$AD,MATCH(I1,Mapa_RA_CE!$1:$1,0),FALSE),""),"") | J58: =IFERROR(IF(VLOOKUP($B58,Mapa_RA_CE!$A:$AD,MATCH(J1,Mapa_RA_CE!$1:$1,0),FALSE)>0,$D58*VLOOKUP($B58,Mapa_RA_CE!$A:$AD,MATCH(J1,Mapa_RA_CE!$1:$1,0),FALSE),""),"") | K58: =IFERROR(IF(VLOOKUP($B58,Mapa_RA_CE!$A:$AD,MATCH(K1,Mapa_RA_CE!$1:$1,0),FALSE)>0,$D58*VLOOKUP($B58,Mapa_RA_CE!$A:$AD,MATCH(K1,Mapa_RA_CE!$1:$1,0),FALSE),""),"") | L58: =IFERROR(IF(VLOOKUP($B58,Mapa_RA_CE!$A:$AD,MATCH(L1,Mapa_RA_CE!$1:$1,0),FALSE)>0,$D58*VLOOKUP($B58,Mapa_RA_CE!$A:$AD,MATCH(L1,Mapa_RA_CE!$1:$1,0),FALSE),""),"") | M58: =IFERROR(IF(VLOOKUP($B58,Mapa_RA_CE!$A:$AD,MATCH(M1,Mapa_RA_CE!$1:$1,0),FALSE)>0,$D58*VLOOKUP($B58,Mapa_RA_CE!$A:$AD,MATCH(M1,Mapa_RA_CE!$1:$1,0),FALSE),""),"") | ... AC58: =IFERROR(IF(VLOOKUP($B58,Mapa_RA_CE!$A:$AD,MATCH(AC1,Mapa_RA_CE!$1:$1,0),FALSE)>0,$D58*VLOOKUP($B58,Mapa_RA_CE!$A:$AD,MATCH(AC1,Mapa_RA_CE!$1:$1,0),FALSE),""),"")
C59: =IFERROR(VLOOKUP($B59,Mapa_RA_CE!$A:$AD,2,FALSE),"") | F59: =IFERROR(IF(VLOOKUP($B59,Mapa_RA_CE!$A:$AD,MATCH(F1,Mapa_RA_CE!$1:$1,0),FALSE)>0,$D59*VLOOKUP($B59,Mapa_RA_CE!$A:$AD,MATCH(F1,Mapa_RA_CE!$1:$1,0),FALSE),""),"") | G59: =IFERROR(IF(VLOOKUP($B59,Mapa_RA_CE!$A:$AD,MATCH(G1,Mapa_RA_CE!$1:$1,0),FALSE)>0,$D59*VLOOKUP($B59,Mapa_RA_CE!$A:$AD,MATCH(G1,Mapa_RA_CE!$1:$1,0),FALSE),""),"") | H59: =IFERROR(IF(VLOOKUP($B59,Mapa_RA_CE!$A:$AD,MATCH(H1,Mapa_RA_CE!$1:$1,0),FALSE)>0,$D59*VLOOKUP($B59,Mapa_RA_CE!$A:$AD,MATCH(H1,Mapa_RA_CE!$1:$1,0),FALSE),""),"") | I59: =IFERROR(IF(VLOOKUP($B59,Mapa_RA_CE!$A:$AD,MATCH(I1,Mapa_RA_CE!$1:$1,0),FALSE)>0,$D59*VLOOKUP($B59,Mapa_RA_CE!$A:$AD,MATCH(I1,Mapa_RA_CE!$1:$1,0),FALSE),""),"") | J59: =IFERROR(IF(VLOOKUP($B59,Mapa_RA_CE!$A:$AD,MATCH(J1,Mapa_RA_CE!$1:$1,0),FALSE)>0,$D59*VLOOKUP($B59,Mapa_RA_CE!$A:$AD,MATCH(J1,Mapa_RA_CE!$1:$1,0),FALSE),""),"") | K59: =IFERROR(IF(VLOOKUP($B59,Mapa_RA_CE!$A:$AD,MATCH(K1,Mapa_RA_CE!$1:$1,0),FALSE)>0,$D59*VLOOKUP($B59,Mapa_RA_CE!$A:$AD,MATCH(K1,Mapa_RA_CE!$1:$1,0),FALSE),""),"") | L59: =IFERROR(IF(VLOOKUP($B59,Mapa_RA_CE!$A:$AD,MATCH(L1,Mapa_RA_CE!$1:$1,0),FALSE)>0,$D59*VLOOKUP($B59,Mapa_RA_CE!$A:$AD,MATCH(L1,Mapa_RA_CE!$1:$1,0),FALSE),""),"") | M59: =IFERROR(IF(VLOOKUP($B59,Mapa_RA_CE!$A:$AD,MATCH(M1,Mapa_RA_CE!$1:$1,0),FALSE)>0,$D59*VLOOKUP($B59,Mapa_RA_CE!$A:$AD,MATCH(M1,Mapa_RA_CE!$1:$1,0),FALSE),""),"") | ... AC59: =IFERROR(IF(VLOOKUP($B59,Mapa_RA_CE!$A:$AD,MATCH(AC1,Mapa_RA_CE!$1:$1,0),FALSE)>0,$D59*VLOOKUP($B59,Mapa_RA_CE!$A:$AD,MATCH(AC1,Mapa_RA_CE!$1:$1,0),FALSE),""),"")
C60: =IFERROR(VLOOKUP($B60,Mapa_RA_CE!$A:$AD,2,FALSE),"") | F60: =IFERROR(IF(VLOOKUP($B60,Mapa_RA_CE!$A:$AD,MATCH(F1,Mapa_RA_CE!$1:$1,0),FALSE)>0,$D60*VLOOKUP($B60,Mapa_RA_CE!$A:$AD,MATCH(F1,Mapa_RA_CE!$1:$1,0),FALSE),""),"") | G60: =IFERROR(IF(VLOOKUP($B60,Mapa_RA_CE!$A:$AD,MATCH(G1,Mapa_RA_CE!$1:$1,0),FALSE)>0,$D60*VLOOKUP($B60,Mapa_RA_CE!$A:$AD,MATCH(G1,Mapa_RA_CE!$1:$1,0),FALSE),""),"") | H60: =IFERROR(IF(VLOOKUP($B60,Mapa_RA_CE!$A:$AD,MATCH(H1,Mapa_RA_CE!$1:$1,0),FALSE)>0,$D60*VLOOKUP($B60,Mapa_RA_CE!$A:$AD,MATCH(H1,Mapa_RA_CE!$1:$1,0),FALSE),""),"") | I60: =IFERROR(IF(VLOOKUP($B60,Mapa_RA_CE!$A:$AD,MATCH(I1,Mapa_RA_CE!$1:$1,0),FALSE)>0,$D60*VLOOKUP($B60,Mapa_RA_CE!$A:$AD,MATCH(I1,Mapa_RA_CE!$1:$1,0),FALSE),""),"") | J60: =IFERROR(IF(VLOOKUP($B60,Mapa_RA_CE!$A:$AD,MATCH(J1,Mapa_RA_CE!$1:$1,0),FALSE)>0,$D60*VLOOKUP($B60,Mapa_RA_CE!$A:$AD,MATCH(J1,Mapa_RA_CE!$1:$1,0),FALSE),""),"") | K60: =IFERROR(IF(VLOOKUP($B60,Mapa_RA_CE!$A:$AD,MATCH(K1,Mapa_RA_CE!$1:$1,0),FALSE)>0,$D60*VLOOKUP($B60,Mapa_RA_CE!$A:$AD,MATCH(K1,Mapa_RA_CE!$1:$1,0),FALSE),""),"") | L60: =IFERROR(IF(VLOOKUP($B60,Mapa_RA_CE!$A:$AD,MATCH(L1,Mapa_RA_CE!$1:$1,0),FALSE)>0,$D60*VLOOKUP($B60,Mapa_RA_CE!$A:$AD,MATCH(L1,Mapa_RA_CE!$1:$1,0),FALSE),""),"") | M60: =IFERROR(IF(VLOOKUP($B60,Mapa_RA_CE!$A:$AD,MATCH(M1,Mapa_RA_CE!$1:$1,0),FALSE)>0,$D60*VLOOKUP($B60,Mapa_RA_CE!$A:$AD,MATCH(M1,Mapa_RA_CE!$1:$1,0),FALSE),""),"") | ... AC60: =IFERROR(IF(VLOOKUP($B60,Mapa_RA_CE!$A:$AD,MATCH(AC1,Mapa_RA_CE!$1:$1,0),FALSE)>0,$D60*VLOOKUP($B60,Mapa_RA_CE!$A:$AD,MATCH(AC1,Mapa_RA_CE!$1:$1,0),FALSE),""),"")
C61: =IFERROR(VLOOKUP($B61,Mapa_RA_CE!$A:$AD,2,FALSE),"") | F61: =IFERROR(IF(VLOOKUP($B61,Mapa_RA_CE!$A:$AD,MATCH(F1,Mapa_RA_CE!$1:$1,0),FALSE)>0,$D61*VLOOKUP($B61,Mapa_RA_CE!$A:$AD,MATCH(F1,Mapa_RA_CE!$1:$1,0),FALSE),""),"") | G61: =IFERROR(IF(VLOOKUP($B61,Mapa_RA_CE!$A:$AD,MATCH(G1,Mapa_RA_CE!$1:$1,0),FALSE)>0,$D61*VLOOKUP($B61,Mapa_RA_CE!$A:$AD,MATCH(G1,Mapa_RA_CE!$1:$1,0),FALSE),""),"") | H61: =IFERROR(IF(VLOOKUP($B61,Mapa_RA_CE!$A:$AD,MATCH(H1,Mapa_RA_CE!$1:$1,0),FALSE)>0,$D61*VLOOKUP($B61,Mapa_RA_CE!$A:$AD,MATCH(H1,Mapa_RA_CE!$1:$1,0),FALSE),""),"") | I61: =IFERROR(IF(VLOOKUP($B61,Mapa_RA_CE!$A:$AD,MATCH(I1,Mapa_RA_CE!$1:$1,0),FALSE)>0,$D61*VLOOKUP($B61,Mapa_RA_CE!$A:$AD,MATCH(I1,Mapa_RA_CE!$1:$1,0),FALSE),""),"") | J61: =IFERROR(IF(VLOOKUP($B61,Mapa_RA_CE!$A:$AD,MATCH(J1,Mapa_RA_CE!$1:$1,0),FALSE)>0,$D61*VLOOKUP($B61,Mapa_RA_CE!$A:$AD,MATCH(J1,Mapa_RA_CE!$1:$1,0),FALSE),""),"") | K61: =IFERROR(IF(VLOOKUP($B61,Mapa_RA_CE!$A:$AD,MATCH(K1,Mapa_RA_CE!$1:$1,0),FALSE)>0,$D61*VLOOKUP($B61,Mapa_RA_CE!$A:$AD,MATCH(K1,Mapa_RA_CE!$1:$1,0),FALSE),""),"") | L61: =IFERROR(IF(VLOOKUP($B61,Mapa_RA_CE!$A:$AD,MATCH(L1,Mapa_RA_CE!$1:$1,0),FALSE)>0,$D61*VLOOKUP($B61,Mapa_RA_CE!$A:$AD,MATCH(L1,Mapa_RA_CE!$1:$1,0),FALSE),""),"") | M61: =IFERROR(IF(VLOOKUP($B61,Mapa_RA_CE!$A:$AD,MATCH(M1,Mapa_RA_CE!$1:$1,0),FALSE)>0,$D61*VLOOKUP($B61,Mapa_RA_CE!$A:$AD,MATCH(M1,Mapa_RA_CE!$1:$1,0),FALSE),""),"") | ... AC61: =IFERROR(IF(VLOOKUP($B61,Mapa_RA_CE!$A:$AD,MATCH(AC1,Mapa_RA_CE!$1:$1,0),FALSE)>0,$D61*VLOOKUP($B61,Mapa_RA_CE!$A:$AD,MATCH(AC1,Mapa_RA_CE!$1:$1,0),FALSE),""),"")
C62: =IFERROR(VLOOKUP($B62,Mapa_RA_CE!$A:$AD,2,FALSE),"") | F62: =IFERROR(IF(VLOOKUP($B62,Mapa_RA_CE!$A:$AD,MATCH(F1,Mapa_RA_CE!$1:$1,0),FALSE)>0,$D62*VLOOKUP($B62,Mapa_RA_CE!$A:$AD,MATCH(F1,Mapa_RA_CE!$1:$1,0),FALSE),""),"") | G62: =IFERROR(IF(VLOOKUP($B62,Mapa_RA_CE!$A:$AD,MATCH(G1,Mapa_RA_CE!$1:$1,0),FALSE)>0,$D62*VLOOKUP($B62,Mapa_RA_CE!$A:$AD,MATCH(G1,Mapa_RA_CE!$1:$1,0),FALSE),""),"") | H62: =IFERROR(IF(VLOOKUP($B62,Mapa_RA_CE!$A:$AD,MATCH(H1,Mapa_RA_CE!$1:$1,0),FALSE)>0,$D62*VLOOKUP($B62,Mapa_RA_CE!$A:$AD,MATCH(H1,Mapa_RA_CE!$1:$1,0),FALSE),""),"") | I62: =IFERROR(IF(VLOOKUP($B62,Mapa_RA_CE!$A:$AD,MATCH(I1,Mapa_RA_CE!$1:$1,0),FALSE)>0,$D62*VLOOKUP($B62,Mapa_RA_CE!$A:$AD,MATCH(I1,Mapa_RA_CE!$1:$1,0),FALSE),""),"") | J62: =IFERROR(IF(VLOOKUP($B62,Mapa_RA_CE!$A:$AD,MATCH(J1,Mapa_RA_CE!$1:$1,0),FALSE)>0,$D62*VLOOKUP($B62,Mapa_RA_CE!$A:$AD,MATCH(J1,Mapa_RA_CE!$1:$1,0),FALSE),""),"") | K62: =IFERROR(IF(VLOOKUP($B62,Mapa_RA_CE!$A:$AD,MATCH(K1,Mapa_RA_CE!$1:$1,0),FALSE)>0,$D62*VLOOKUP($B62,Mapa_RA_CE!$A:$AD,MATCH(K1,Mapa_RA_CE!$1:$1,0),FALSE),""),"") | L62: =IFERROR(IF(VLOOKUP($B62,Mapa_RA_CE!$A:$AD,MATCH(L1,Mapa_RA_CE!$1:$1,0),FALSE)>0,$D62*VLOOKUP($B62,Mapa_RA_CE!$A:$AD,MATCH(L1,Mapa_RA_CE!$1:$1,0),FALSE),""),"") | M62: =IFERROR(IF(VLOOKUP($B62,Mapa_RA_CE!$A:$AD,MATCH(M1,Mapa_RA_CE!$1:$1,0),FALSE)>0,$D62*VLOOKUP($B62,Mapa_RA_CE!$A:$AD,MATCH(M1,Mapa_RA_CE!$1:$1,0),FALSE),""),"") | ... AC62: =IFERROR(IF(VLOOKUP($B62,Mapa_RA_CE!$A:$AD,MATCH(AC1,Mapa_RA_CE!$1:$1,0),FALSE)>0,$D62*VLOOKUP($B62,Mapa_RA_CE!$A:$AD,MATCH(AC1,Mapa_RA_CE!$1:$1,0),FALSE),""),"")
C63: =IFERROR(VLOOKUP($B63,Mapa_RA_CE!$A:$AD,2,FALSE),"") | F63: =IFERROR(IF(VLOOKUP($B63,Mapa_RA_CE!$A:$AD,MATCH(F1,Mapa_RA_CE!$1:$1,0),FALSE)>0,$D63*VLOOKUP($B63,Mapa_RA_CE!$A:$AD,MATCH(F1,Mapa_RA_CE!$1:$1,0),FALSE),""),"") | G63: =IFERROR(IF(VLOOKUP($B63,Mapa_RA_CE!$A:$AD,MATCH(G1,Mapa_RA_CE!$1:$1,0),FALSE)>0,$D63*VLOOKUP($B63,Mapa_RA_CE!$A:$AD,MATCH(G1,Mapa_RA_CE!$1:$1,0),FALSE),""),"") | H63: =IFERROR(IF(VLOOKUP($B63,Mapa_RA_CE!$A:$AD,MATCH(H1,Mapa_RA_CE!$1:$1,0),FALSE)>0,$D63*VLOOKUP($B63,Mapa_RA_CE!$A:$AD,MATCH(H1,Mapa_RA_CE!$1:$1,0),FALSE),""),"") | I63: =IFERROR(IF(VLOOKUP($B63,Mapa_RA_CE!$A:$AD,MATCH(I1,Mapa_RA_CE!$1:$1,0),FALSE)>0,$D63*VLOOKUP($B63,Mapa_RA_CE!$A:$AD,MATCH(I1,Mapa_RA_CE!$1:$1,0),FALSE),""),"") | J63: =IFERROR(IF(VLOOKUP($B63,Mapa_RA_CE!$A:$AD,MATCH(J1,Mapa_RA_CE!$1:$1,0),FALSE)>0,$D63*VLOOKUP($B63,Mapa_RA_CE!$A:$AD,MATCH(J1,Mapa_RA_CE!$1:$1,0),FALSE),""),"") | K63: =IFERROR(IF(VLOOKUP($B63,Mapa_RA_CE!$A:$AD,MATCH(K1,Mapa_RA_CE!$1:$1,0),FALSE)>0,$D63*VLOOKUP($B63,Mapa_RA_CE!$A:$AD,MATCH(K1,Mapa_RA_CE!$1:$1,0),FALSE),""),"") | L63: =IFERROR(IF(VLOOKUP($B63,Mapa_RA_CE!$A:$AD,MATCH(L1,Mapa_RA_CE!$1:$1,0),FALSE)>0,$D63*VLOOKUP($B63,Mapa_RA_CE!$A:$AD,MATCH(L1,Mapa_RA_CE!$1:$1,0),FALSE),""),"") | M63: =IFERROR(IF(VLOOKUP($B63,Mapa_RA_CE!$A:$AD,MATCH(M1,Mapa_RA_CE!$1:$1,0),FALSE)>0,$D63*VLOOKUP($B63,Mapa_RA_CE!$A:$AD,MATCH(M1,Mapa_RA_CE!$1:$1,0),FALSE),""),"") | ... AC63: =IFERROR(IF(VLOOKUP($B63,Mapa_RA_CE!$A:$AD,MATCH(AC1,Mapa_RA_CE!$1:$1,0),FALSE)>0,$D63*VLOOKUP($B63,Mapa_RA_CE!$A:$AD,MATCH(AC1,Mapa_RA_CE!$1:$1,0),FALSE),""),"")
C64: =IFERROR(VLOOKUP($B64,Mapa_RA_CE!$A:$AD,2,FALSE),"") | F64: =IFERROR(IF(VLOOKUP($B64,Mapa_RA_CE!$A:$AD,MATCH(F1,Mapa_RA_CE!$1:$1,0),FALSE)>0,$D64*VLOOKUP($B64,Mapa_RA_CE!$A:$AD,MATCH(F1,Mapa_RA_CE!$1:$1,0),FALSE),""),"") | G64: =IFERROR(IF(VLOOKUP($B64,Mapa_RA_CE!$A:$AD,MATCH(G1,Mapa_RA_CE!$1:$1,0),FALSE)>0,$D64*VLOOKUP($B64,Mapa_RA_CE!$A:$AD,MATCH(G1,Mapa_RA_CE!$1:$1,0),FALSE),""),"") | H64: =IFERROR(IF(VLOOKUP($B64,Mapa_RA_CE!$A:$AD,MATCH(H1,Mapa_RA_CE!$1:$1,0),FALSE)>0,$D64*VLOOKUP($B64,Mapa_RA_CE!$A:$AD,MATCH(H1,Mapa_RA_CE!$1:$1,0),FALSE),""),"") | I64: =IFERROR(IF(VLOOKUP($B64,Mapa_RA_CE!$A:$AD,MATCH(I1,Mapa_RA_CE!$1:$1,0),FALSE)>0,$D64*VLOOKUP($B64,Mapa_RA_CE!$A:$AD,MATCH(I1,Mapa_RA_CE!$1:$1,0),FALSE),""),"") | J64: =IFERROR(IF(VLOOKUP($B64,Mapa_RA_CE!$A:$AD,MATCH(J1,Mapa_RA_CE!$1:$1,0),FALSE)>0,$D64*VLOOKUP($B64,Mapa_RA_CE!$A:$AD,MATCH(J1,Mapa_RA_CE!$1:$1,0),FALSE),""),"") | K64: =IFERROR(IF(VLOOKUP($B64,Mapa_RA_CE!$A:$AD,MATCH(K1,Mapa_RA_CE!$1:$1,0),FALSE)>0,$D64*VLOOKUP($B64,Mapa_RA_CE!$A:$AD,MATCH(K1,Mapa_RA_CE!$1:$1,0),FALSE),""),"") | L64: =IFERROR(IF(VLOOKUP($B64,Mapa_RA_CE!$A:$AD,MATCH(L1,Mapa_RA_CE!$1:$1,0),FALSE)>0,$D64*VLOOKUP($B64,Mapa_RA_CE!$A:$AD,MATCH(L1,Mapa_RA_CE!$1:$1,0),FALSE),""),"") | M64: =IFERROR(IF(VLOOKUP($B64,Mapa_RA_CE!$A:$AD,MATCH(M1,Mapa_RA_CE!$1:$1,0),FALSE)>0,$D64*VLOOKUP($B64,Mapa_RA_CE!$A:$AD,MATCH(M1,Mapa_RA_CE!$1:$1,0),FALSE),""),"") | ... AC64: =IFERROR(IF(VLOOKUP($B64,Mapa_RA_CE!$A:$AD,MATCH(AC1,Mapa_RA_CE!$1:$1,0),FALSE)>0,$D64*VLOOKUP($B64,Mapa_RA_CE!$A:$AD,MATCH(AC1,Mapa_RA_CE!$1:$1,0),FALSE),""),"")
C65: =IFERROR(VLOOKUP($B65,Mapa_RA_CE!$A:$AD,2,FALSE),"") | F65: =IFERROR(IF(VLOOKUP($B65,Mapa_RA_CE!$A:$AD,MATCH(F1,Mapa_RA_CE!$1:$1,0),FALSE)>0,$D65*VLOOKUP($B65,Mapa_RA_CE!$A:$AD,MATCH(F1,Mapa_RA_CE!$1:$1,0),FALSE),""),"") | G65: =IFERROR(IF(VLOOKUP($B65,Mapa_RA_CE!$A:$AD,MATCH(G1,Mapa_RA_CE!$1:$1,0),FALSE)>0,$D65*VLOOKUP($B65,Mapa_RA_CE!$A:$AD,MATCH(G1,Mapa_RA_CE!$1:$1,0),FALSE),""),"") | H65: =IFERROR(IF(VLOOKUP($B65,Mapa_RA_CE!$A:$AD,MATCH(H1,Mapa_RA_CE!$1:$1,0),FALSE)>0,$D65*VLOOKUP($B65,Mapa_RA_CE!$A:$AD,MATCH(H1,Mapa_RA_CE!$1:$1,0),FALSE),""),"") | I65: =IFERROR(IF(VLOOKUP($B65,Mapa_RA_CE!$A:$AD,MATCH(I1,Mapa_RA_CE!$1:$1,0),FALSE)>0,$D65*VLOOKUP($B65,Mapa_RA_CE!$A:$AD,MATCH(I1,Mapa_RA_CE!$1:$1,0),FALSE),""),"") | J65: =IFERROR(IF(VLOOKUP($B65,Mapa_RA_CE!$A:$AD,MATCH(J1,Mapa_RA_CE!$1:$1,0),FALSE)>0,$D65*VLOOKUP($B65,Mapa_RA_CE!$A:$AD,MATCH(J1,Mapa_RA_CE!$1:$1,0),FALSE),""),"") | K65: =IFERROR(IF(VLOOKUP($B65,Mapa_RA_CE!$A:$AD,MATCH(K1,Mapa_RA_CE!$1:$1,0),FALSE)>0,$D65*VLOOKUP($B65,Mapa_RA_CE!$A:$AD,MATCH(K1,Mapa_RA_CE!$1:$1,0),FALSE),""),"") | L65: =IFERROR(IF(VLOOKUP($B65,Mapa_RA_CE!$A:$AD,MATCH(L1,Mapa_RA_CE!$1:$1,0),FALSE)>0,$D65*VLOOKUP($B65,Mapa_RA_CE!$A:$AD,MATCH(L1,Mapa_RA_CE!$1:$1,0),FALSE),""),"") | M65: =IFERROR(IF(VLOOKUP($B65,Mapa_RA_CE!$A:$AD,MATCH(M1,Mapa_RA_CE!$1:$1,0),FALSE)>0,$D65*VLOOKUP($B65,Mapa_RA_CE!$A:$AD,MATCH(M1,Mapa_RA_CE!$1:$1,0),FALSE),""),"") | ... AC65: =IFERROR(IF(VLOOKUP($B65,Mapa_RA_CE!$A:$AD,MATCH(AC1,Mapa_RA_CE!$1:$1,0),FALSE)>0,$D65*VLOOKUP($B65,Mapa_RA_CE!$A:$AD,MATCH(AC1,Mapa_RA_CE!$1:$1,0),FALSE),""),"")
C66: =IFERROR(VLOOKUP($B66,Mapa_RA_CE!$A:$AD,2,FALSE),"") | F66: =IFERROR(IF(VLOOKUP($B66,Mapa_RA_CE!$A:$AD,MATCH(F1,Mapa_RA_CE!$1:$1,0),FALSE)>0,$D66*VLOOKUP($B66,Mapa_RA_CE!$A:$AD,MATCH(F1,Mapa_RA_CE!$1:$1,0),FALSE),""),"") | G66: =IFERROR(IF(VLOOKUP($B66,Mapa_RA_CE!$A:$AD,MATCH(G1,Mapa_RA_CE!$1:$1,0),FALSE)>0,$D66*VLOOKUP($B66,Mapa_RA_CE!$A:$AD,MATCH(G1,Mapa_RA_CE!$1:$1,0),FALSE),""),"") | H66: =IFERROR(IF(VLOOKUP($B66,Mapa_RA_CE!$A:$AD,MATCH(H1,Mapa_RA_CE!$1:$1,0),FALSE)>0,$D66*VLOOKUP($B66,Mapa_RA_CE!$A:$AD,MATCH(H1,Mapa_RA_CE!$1:$1,0),FALSE),""),"") | I66: =IFERROR(IF(VLOOKUP($B66,Mapa_RA_CE!$A:$AD,MATCH(I1,Mapa_RA_CE!$1:$1,0),FALSE)>0,$D66*VLOOKUP($B66,Mapa_RA_CE!$A:$AD,MATCH(I1,Mapa_RA_CE!$1:$1,0),FALSE),""),"") | J66: =IFERROR(IF(VLOOKUP($B66,Mapa_RA_CE!$A:$AD,MATCH(J1,Mapa_RA_CE!$1:$1,0),FALSE)>0,$D66*VLOOKUP($B66,Mapa_RA_CE!$A:$AD,MATCH(J1,Mapa_RA_CE!$1:$1,0),FALSE),""),"") | K66: =IFERROR(IF(VLOOKUP($B66,Mapa_RA_CE!$A:$AD,MATCH(K1,Mapa_RA_CE!$1:$1,0),FALSE)>0,$D66*VLOOKUP($B66,Mapa_RA_CE!$A:$AD,MATCH(K1,Mapa_RA_CE!$1:$1,0),FALSE),""),"") | L66: =IFERROR(IF(VLOOKUP($B66,Mapa_RA_CE!$A:$AD,MATCH(L1,Mapa_RA_CE!$1:$1,0),FALSE)>0,$D66*VLOOKUP($B66,Mapa_RA_CE!$A:$AD,MATCH(L1,Mapa_RA_CE!$1:$1,0),FALSE),""),"") | M66: =IFERROR(IF(VLOOKUP($B66,Mapa_RA_CE!$A:$AD,MATCH(M1,Mapa_RA_CE!$1:$1,0),FALSE)>0,$D66*VLOOKUP($B66,Mapa_RA_CE!$A:$AD,MATCH(M1,Mapa_RA_CE!$1:$1,0),FALSE),""),"") | ... AC66: =IFERROR(IF(VLOOKUP($B66,Mapa_RA_CE!$A:$AD,MATCH(AC1,Mapa_RA_CE!$1:$1,0),FALSE)>0,$D66*VLOOKUP($B66,Mapa_RA_CE!$A:$AD,MATCH(AC1,Mapa_RA_CE!$1:$1,0),FALSE),""),"")
C67: =IFERROR(VLOOKUP($B67,Mapa_RA_CE!$A:$AD,2,FALSE),"") | F67: =IFERROR(IF(VLOOKUP($B67,Mapa_RA_CE!$A:$AD,MATCH(F1,Mapa_RA_CE!$1:$1,0),FALSE)>0,$D67*VLOOKUP($B67,Mapa_RA_CE!$A:$AD,MATCH(F1,Mapa_RA_CE!$1:$1,0),FALSE),""),"") | G67: =IFERROR(IF(VLOOKUP($B67,Mapa_RA_CE!$A:$AD,MATCH(G1,Mapa_RA_CE!$1:$1,0),FALSE)>0,$D67*VLOOKUP($B67,Mapa_RA_CE!$A:$AD,MATCH(G1,Mapa_RA_CE!$1:$1,0),FALSE),""),"") | H67: =IFERROR(IF(VLOOKUP($B67,Mapa_RA_CE!$A:$AD,MATCH(H1,Mapa_RA_CE!$1:$1,0),FALSE)>0,$D67*VLOOKUP($B67,Mapa_RA_CE!$A:$AD,MATCH(H1,Mapa_RA_CE!$1:$1,0),FALSE),""),"") | I67: =IFERROR(IF(VLOOKUP($B67,Mapa_RA_CE!$A:$AD,MATCH(I1,Mapa_RA_CE!$1:$1,0),FALSE)>0,$D67*VLOOKUP($B67,Mapa_RA_CE!$A:$AD,MATCH(I1,Mapa_RA_CE!$1:$1,0),FALSE),""),"") | J67: =IFERROR(IF(VLOOKUP($B67,Mapa_RA_CE!$A:$AD,MATCH(J1,Mapa_RA_CE!$1:$1,0),FALSE)>0,$D67*VLOOKUP($B67,Mapa_RA_CE!$A:$AD,MATCH(J1,Mapa_RA_CE!$1:$1,0),FALSE),""),"") | K67: =IFERROR(IF(VLOOKUP($B67,Mapa_RA_CE!$A:$AD,MATCH(K1,Mapa_RA_CE!$1:$1,0),FALSE)>0,$D67*VLOOKUP($B67,Mapa_RA_CE!$A:$AD,MATCH(K1,Mapa_RA_CE!$1:$1,0),FALSE),""),"") | L67: =IFERROR(IF(VLOOKUP($B67,Mapa_RA_CE!$A:$AD,MATCH(L1,Mapa_RA_CE!$1:$1,0),FALSE)>0,$D67*VLOOKUP($B67,Mapa_RA_CE!$A:$AD,MATCH(L1,Mapa_RA_CE!$1:$1,0),FALSE),""),"") | M67: =IFERROR(IF(VLOOKUP($B67,Mapa_RA_CE!$A:$AD,MATCH(M1,Mapa_RA_CE!$1:$1,0),FALSE)>0,$D67*VLOOKUP($B67,Mapa_RA_CE!$A:$AD,MATCH(M1,Mapa_RA_CE!$1:$1,0),FALSE),""),"") | ... AC67: =IFERROR(IF(VLOOKUP($B67,Mapa_RA_CE!$A:$AD,MATCH(AC1,Mapa_RA_CE!$1:$1,0),FALSE)>0,$D67*VLOOKUP($B67,Mapa_RA_CE!$A:$AD,MATCH(AC1,Mapa_RA_CE!$1:$1,0),FALSE),""),"")
C68: =IFERROR(VLOOKUP($B68,Mapa_RA_CE!$A:$AD,2,FALSE),"") | F68: =IFERROR(IF(VLOOKUP($B68,Mapa_RA_CE!$A:$AD,MATCH(F1,Mapa_RA_CE!$1:$1,0),FALSE)>0,$D68*VLOOKUP($B68,Mapa_RA_CE!$A:$AD,MATCH(F1,Mapa_RA_CE!$1:$1,0),FALSE),""),"") | G68: =IFERROR(IF(VLOOKUP($B68,Mapa_RA_CE!$A:$AD,MATCH(G1,Mapa_RA_CE!$1:$1,0),FALSE)>0,$D68*VLOOKUP($B68,Mapa_RA_CE!$A:$AD,MATCH(G1,Mapa_RA_CE!$1:$1,0),FALSE),""),"") | H68: =IFERROR(IF(VLOOKUP($B68,Mapa_RA_CE!$A:$AD,MATCH(H1,Mapa_RA_CE!$1:$1,0),FALSE)>0,$D68*VLOOKUP($B68,Mapa_RA_CE!$A:$AD,MATCH(H1,Mapa_RA_CE!$1:$1,0),FALSE),""),"") | I68: =IFERROR(IF(VLOOKUP($B68,Mapa_RA_CE!$A:$AD,MATCH(I1,Mapa_RA_CE!$1:$1,0),FALSE)>0,$D68*VLOOKUP($B68,Mapa_RA_CE!$A:$AD,MATCH(I1,Mapa_RA_CE!$1:$1,0),FALSE),""),"") | J68: =IFERROR(IF(VLOOKUP($B68,Mapa_RA_CE!$A:$AD,MATCH(J1,Mapa_RA_CE!$1:$1,0),FALSE)>0,$D68*VLOOKUP($B68,Mapa_RA_CE!$A:$AD,MATCH(J1,Mapa_RA_CE!$1:$1,0),FALSE),""),"") | K68: =IFERROR(IF(VLOOKUP($B68,Mapa_RA_CE!$A:$AD,MATCH(K1,Mapa_RA_CE!$1:$1,0),FALSE)>0,$D68*VLOOKUP($B68,Mapa_RA_CE!$A:$AD,MATCH(K1,Mapa_RA_CE!$1:$1,0),FALSE),""),"") | L68: =IFERROR(IF(VLOOKUP($B68,Mapa_RA_CE!$A:$AD,MATCH(L1,Mapa_RA_CE!$1:$1,0),FALSE)>0,$D68*VLOOKUP($B68,Mapa_RA_CE!$A:$AD,MATCH(L1,Mapa_RA_CE!$1:$1,0),FALSE),""),"") | M68: =IFERROR(IF(VLOOKUP($B68,Mapa_RA_CE!$A:$AD,MATCH(M1,Mapa_RA_CE!$1:$1,0),FALSE)>0,$D68*VLOOKUP($B68,Mapa_RA_CE!$A:$AD,MATCH(M1,Mapa_RA_CE!$1:$1,0),FALSE),""),"") | ... AC68: =IFERROR(IF(VLOOKUP($B68,Mapa_RA_CE!$A:$AD,MATCH(AC1,Mapa_RA_CE!$1:$1,0),FALSE)>0,$D68*VLOOKUP($B68,Mapa_RA_CE!$A:$AD,MATCH(AC1,Mapa_RA_CE!$1:$1,0),FALSE),""),"")
C69: =IFERROR(VLOOKUP($B69,Mapa_RA_CE!$A:$AD,2,FALSE),"") | F69: =IFERROR(IF(VLOOKUP($B69,Mapa_RA_CE!$A:$AD,MATCH(F1,Mapa_RA_CE!$1:$1,0),FALSE)>0,$D69*VLOOKUP($B69,Mapa_RA_CE!$A:$AD,MATCH(F1,Mapa_RA_CE!$1:$1,0),FALSE),""),"") | G69: =IFERROR(IF(VLOOKUP($B69,Mapa_RA_CE!$A:$AD,MATCH(G1,Mapa_RA_CE!$1:$1,0),FALSE)>0,$D69*VLOOKUP($B69,Mapa_RA_CE!$A:$AD,MATCH(G1,Mapa_RA_CE!$1:$1,0),FALSE),""),"") | H69: =IFERROR(IF(VLOOKUP($B69,Mapa_RA_CE!$A:$AD,MATCH(H1,Mapa_RA_CE!$1:$1,0),FALSE)>0,$D69*VLOOKUP($B69,Mapa_RA_CE!$A:$AD,MATCH(H1,Mapa_RA_CE!$1:$1,0),FALSE),""),"") | I69: =IFERROR(IF(VLOOKUP($B69,Mapa_RA_CE!$A:$AD,MATCH(I1,Mapa_RA_CE!$1:$1,0),FALSE)>0,$D69*VLOOKUP($B69,Mapa_RA_CE!$A:$AD,MATCH(I1,Mapa_RA_CE!$1:$1,0),FALSE),""),"") | J69: =IFERROR(IF(VLOOKUP($B69,Mapa_RA_CE!$A:$AD,MATCH(J1,Mapa_RA_CE!$1:$1,0),FALSE)>0,$D69*VLOOKUP($B69,Mapa_RA_CE!$A:$AD,MATCH(J1,Mapa_RA_CE!$1:$1,0),FALSE),""),"") | K69: =IFERROR(IF(VLOOKUP($B69,Mapa_RA_CE!$A:$AD,MATCH(K1,Mapa_RA_CE!$1:$1,0),FALSE)>0,$D69*VLOOKUP($B69,Mapa_RA_CE!$A:$AD,MATCH(K1,Mapa_RA_CE!$1:$1,0),FALSE),""),"") | L69: =IFERROR(IF(VLOOKUP($B69,Mapa_RA_CE!$A:$AD,MATCH(L1,Mapa_RA_CE!$1:$1,0),FALSE)>0,$D69*VLOOKUP($B69,Mapa_RA_CE!$A:$AD,MATCH(L1,Mapa_RA_CE!$1:$1,0),FALSE),""),"") | M69: =IFERROR(IF(VLOOKUP($B69,Mapa_RA_CE!$A:$AD,MATCH(M1,Mapa_RA_CE!$1:$1,0),FALSE)>0,$D69*VLOOKUP($B69,Mapa_RA_CE!$A:$AD,MATCH(M1,Mapa_RA_CE!$1:$1,0),FALSE),""),"") | ... AC69: =IFERROR(IF(VLOOKUP($B69,Mapa_RA_CE!$A:$AD,MATCH(AC1,Mapa_RA_CE!$1:$1,0),FALSE)>0,$D69*VLOOKUP($B69,Mapa_RA_CE!$A:$AD,MATCH(AC1,Mapa_RA_CE!$1:$1,0),FALSE),""),"")
C70: =IFERROR(VLOOKUP($B70,Mapa_RA_CE!$A:$AD,2,FALSE),"") | F70: =IFERROR(IF(VLOOKUP($B70,Mapa_RA_CE!$A:$AD,MATCH(F1,Mapa_RA_CE!$1:$1,0),FALSE)>0,$D70*VLOOKUP($B70,Mapa_RA_CE!$A:$AD,MATCH(F1,Mapa_RA_CE!$1:$1,0),FALSE),""),"") | G70: =IFERROR(IF(VLOOKUP($B70,Mapa_RA_CE!$A:$AD,MATCH(G1,Mapa_RA_CE!$1:$1,0),FALSE)>0,$D70*VLOOKUP($B70,Mapa_RA_CE!$A:$AD,MATCH(G1,Mapa_RA_CE!$1:$1,0),FALSE),""),"") | H70: =IFERROR(IF(VLOOKUP($B70,Mapa_RA_CE!$A:$AD,MATCH(H1,Mapa_RA_CE!$1:$1,0),FALSE)>0,$D70*VLOOKUP($B70,Mapa_RA_CE!$A:$AD,MATCH(H1,Mapa_RA_CE!$1:$1,0),FALSE),""),"") | I70: =IFERROR(IF(VLOOKUP($B70,Mapa_RA_CE!$A:$AD,MATCH(I1,Mapa_RA_CE!$1:$1,0),FALSE)>0,$D70*VLOOKUP($B70,Mapa_RA_CE!$A:$AD,MATCH(I1,Mapa_RA_CE!$1:$1,0),FALSE),""),"") | J70: =IFERROR(IF(VLOOKUP($B70,Mapa_RA_CE!$A:$AD,MATCH(J1,Mapa_RA_CE!$1:$1,0),FALSE)>0,$D70*VLOOKUP($B70,Mapa_RA_CE!$A:$AD,MATCH(J1,Mapa_RA_CE!$1:$1,0),FALSE),""),"") | K70: =IFERROR(IF(VLOOKUP($B70,Mapa_RA_CE!$A:$AD,MATCH(K1,Mapa_RA_CE!$1:$1,0),FALSE)>0,$D70*VLOOKUP($B70,Mapa_RA_CE!$A:$AD,MATCH(K1,Mapa_RA_CE!$1:$1,0),FALSE),""),"") | L70: =IFERROR(IF(VLOOKUP($B70,Mapa_RA_CE!$A:$AD,MATCH(L1,Mapa_RA_CE!$1:$1,0),FALSE)>0,$D70*VLOOKUP($B70,Mapa_RA_CE!$A:$AD,MATCH(L1,Mapa_RA_CE!$1:$1,0),FALSE),""),"") | M70: =IFERROR(IF(VLOOKUP($B70,Mapa_RA_CE!$A:$AD,MATCH(M1,Mapa_RA_CE!$1:$1,0),FALSE)>0,$D70*VLOOKUP($B70,Mapa_RA_CE!$A:$AD,MATCH(M1,Mapa_RA_CE!$1:$1,0),FALSE),""),"") | ... AC70: =IFERROR(IF(VLOOKUP($B70,Mapa_RA_CE!$A:$AD,MATCH(AC1,Mapa_RA_CE!$1:$1,0),FALSE)>0,$D70*VLOOKUP($B70,Mapa_RA_CE!$A:$AD,MATCH(AC1,Mapa_RA_CE!$1:$1,0),FALSE),""),"")
C71: =IFERROR(VLOOKUP($B71,Mapa_RA_CE!$A:$AD,2,FALSE),"") | F71: =IFERROR(IF(VLOOKUP($B71,Mapa_RA_CE!$A:$AD,MATCH(F1,Mapa_RA_CE!$1:$1,0),FALSE)>0,$D71*VLOOKUP($B71,Mapa_RA_CE!$A:$AD,MATCH(F1,Mapa_RA_CE!$1:$1,0),FALSE),""),"") | G71: =IFERROR(IF(VLOOKUP($B71,Mapa_RA_CE!$A:$AD,MATCH(G1,Mapa_RA_CE!$1:$1,0),FALSE)>0,$D71*VLOOKUP($B71,Mapa_RA_CE!$A:$AD,MATCH(G1,Mapa_RA_CE!$1:$1,0),FALSE),""),"") | H71: =IFERROR(IF(VLOOKUP($B71,Mapa_RA_CE!$A:$AD,MATCH(H1,Mapa_RA_CE!$1:$1,0),FALSE)>0,$D71*VLOOKUP($B71,Mapa_RA_CE!$A:$AD,MATCH(H1,Mapa_RA_CE!$1:$1,0),FALSE),""),"") | I71: =IFERROR(IF(VLOOKUP($B71,Mapa_RA_CE!$A:$AD,MATCH(I1,Mapa_RA_CE!$1:$1,0),FALSE)>0,$D71*VLOOKUP($B71,Mapa_RA_CE!$A:$AD,MATCH(I1,Mapa_RA_CE!$1:$1,0),FALSE),""),"") | J71: =IFERROR(IF(VLOOKUP($B71,Mapa_RA_CE!$A:$AD,MATCH(J1,Mapa_RA_CE!$1:$1,0),FALSE)>0,$D71*VLOOKUP($B71,Mapa_RA_CE!$A:$AD,MATCH(J1,Mapa_RA_CE!$1:$1,0),FALSE),""),"") | K71: =IFERROR(IF(VLOOKUP($B71,Mapa_RA_CE!$A:$AD,MATCH(K1,Mapa_RA_CE!$1:$1,0),FALSE)>0,$D71*VLOOKUP($B71,Mapa_RA_CE!$A:$AD,MATCH(K1,Mapa_RA_CE!$1:$1,0),FALSE),""),"") | L71: =IFERROR(IF(VLOOKUP($B71,Mapa_RA_CE!$A:$AD,MATCH(L1,Mapa_RA_CE!$1:$1,0),FALSE)>0,$D71*VLOOKUP($B71,Mapa_RA_CE!$A:$AD,MATCH(L1,Mapa_RA_CE!$1:$1,0),FALSE),""),"") | M71: =IFERROR(IF(VLOOKUP($B71,Mapa_RA_CE!$A:$AD,MATCH(M1,Mapa_RA_CE!$1:$1,0),FALSE)>0,$D71*VLOOKUP($B71,Mapa_RA_CE!$A:$AD,MATCH(M1,Mapa_RA_CE!$1:$1,0),FALSE),""),"") | ... AC71: =IFERROR(IF(VLOOKUP($B71,Mapa_RA_CE!$A:$AD,MATCH(AC1,Mapa_RA_CE!$1:$1,0),FALSE)>0,$D71*VLOOKUP($B71,Mapa_RA_CE!$A:$AD,MATCH(AC1,Mapa_RA_CE!$1:$1,0),FALSE),""),"")
C72: =IFERROR(VLOOKUP($B72,Mapa_RA_CE!$A:$AD,2,FALSE),"") | F72: =IFERROR(IF(VLOOKUP($B72,Mapa_RA_CE!$A:$AD,MATCH(F1,Mapa_RA_CE!$1:$1,0),FALSE)>0,$D72*VLOOKUP($B72,Mapa_RA_CE!$A:$AD,MATCH(F1,Mapa_RA_CE!$1:$1,0),FALSE),""),"") | G72: =IFERROR(IF(VLOOKUP($B72,Mapa_RA_CE!$A:$AD,MATCH(G1,Mapa_RA_CE!$1:$1,0),FALSE)>0,$D72*VLOOKUP($B72,Mapa_RA_CE!$A:$AD,MATCH(G1,Mapa_RA_CE!$1:$1,0),FALSE),""),"") | H72: =IFERROR(IF(VLOOKUP($B72,Mapa_RA_CE!$A:$AD,MATCH(H1,Mapa_RA_CE!$1:$1,0),FALSE)>0,$D72*VLOOKUP($B72,Mapa_RA_CE!$A:$AD,MATCH(H1,Mapa_RA_CE!$1:$1,0),FALSE),""),"") | I72: =IFERROR(IF(VLOOKUP($B72,Mapa_RA_CE!$A:$AD,MATCH(I1,Mapa_RA_CE!$1:$1,0),FALSE)>0,$D72*VLOOKUP($B72,Mapa_RA_CE!$A:$AD,MATCH(I1,Mapa_RA_CE!$1:$1,0),FALSE),""),"") | J72: =IFERROR(IF(VLOOKUP($B72,Mapa_RA_CE!$A:$AD,MATCH(J1,Mapa_RA_CE!$1:$1,0),FALSE)>0,$D72*VLOOKUP($B72,Mapa_RA_CE!$A:$AD,MATCH(J1,Mapa_RA_CE!$1:$1,0),FALSE),""),"") | K72: =IFERROR(IF(VLOOKUP($B72,Mapa_RA_CE!$A:$AD,MATCH(K1,Mapa_RA_CE!$1:$1,0),FALSE)>0,$D72*VLOOKUP($B72,Mapa_RA_CE!$A:$AD,MATCH(K1,Mapa_RA_CE!$1:$1,0),FALSE),""),"") | L72: =IFERROR(IF(VLOOKUP($B72,Mapa_RA_CE!$A:$AD,MATCH(L1,Mapa_RA_CE!$1:$1,0),FALSE)>0,$D72*VLOOKUP($B72,Mapa_RA_CE!$A:$AD,MATCH(L1,Mapa_RA_CE!$1:$1,0),FALSE),""),"") | M72: =IFERROR(IF(VLOOKUP($B72,Mapa_RA_CE!$A:$AD,MATCH(M1,Mapa_RA_CE!$1:$1,0),FALSE)>0,$D72*VLOOKUP($B72,Mapa_RA_CE!$A:$AD,MATCH(M1,Mapa_RA_CE!$1:$1,0),FALSE),""),"") | ... AC72: =IFERROR(IF(VLOOKUP($B72,Mapa_RA_CE!$A:$AD,MATCH(AC1,Mapa_RA_CE!$1:$1,0),FALSE)>0,$D72*VLOOKUP($B72,Mapa_RA_CE!$A:$AD,MATCH(AC1,Mapa_RA_CE!$1:$1,0),FALSE),""),"")
C73: =IFERROR(VLOOKUP($B73,Mapa_RA_CE!$A:$AD,2,FALSE),"") | F73: =IFERROR(IF(VLOOKUP($B73,Mapa_RA_CE!$A:$AD,MATCH(F1,Mapa_RA_CE!$1:$1,0),FALSE)>0,$D73*VLOOKUP($B73,Mapa_RA_CE!$A:$AD,MATCH(F1,Mapa_RA_CE!$1:$1,0),FALSE),""),"") | G73: =IFERROR(IF(VLOOKUP($B73,Mapa_RA_CE!$A:$AD,MATCH(G1,Mapa_RA_CE!$1:$1,0),FALSE)>0,$D73*VLOOKUP($B73,Mapa_RA_CE!$A:$AD,MATCH(G1,Mapa_RA_CE!$1:$1,0),FALSE),""),"") | H73: =IFERROR(IF(VLOOKUP($B73,Mapa_RA_CE!$A:$AD,MATCH(H1,Mapa_RA_CE!$1:$1,0),FALSE)>0,$D73*VLOOKUP($B73,Mapa_RA_CE!$A:$AD,MATCH(H1,Mapa_RA_CE!$1:$1,0),FALSE),""),"") | I73: =IFERROR(IF(VLOOKUP($B73,Mapa_RA_CE!$A:$AD,MATCH(I1,Mapa_RA_CE!$1:$1,0),FALSE)>0,$D73*VLOOKUP($B73,Mapa_RA_CE!$A:$AD,MATCH(I1,Mapa_RA_CE!$1:$1,0),FALSE),""),"") | J73: =IFERROR(IF(VLOOKUP($B73,Mapa_RA_CE!$A:$AD,MATCH(J1,Mapa_RA_CE!$1:$1,0),FALSE)>0,$D73*VLOOKUP($B73,Mapa_RA_CE!$A:$AD,MATCH(J1,Mapa_RA_CE!$1:$1,0),FALSE),""),"") | K73: =IFERROR(IF(VLOOKUP($B73,Mapa_RA_CE!$A:$AD,MATCH(K1,Mapa_RA_CE!$1:$1,0),FALSE)>0,$D73*VLOOKUP($B73,Mapa_RA_CE!$A:$AD,MATCH(K1,Mapa_RA_CE!$1:$1,0),FALSE),""),"") | L73: =IFERROR(IF(VLOOKUP($B73,Mapa_RA_CE!$A:$AD,MATCH(L1,Mapa_RA_CE!$1:$1,0),FALSE)>0,$D73*VLOOKUP($B73,Mapa_RA_CE!$A:$AD,MATCH(L1,Mapa_RA_CE!$1:$1,0),FALSE),""),"") | M73: =IFERROR(IF(VLOOKUP($B73,Mapa_RA_CE!$A:$AD,MATCH(M1,Mapa_RA_CE!$1:$1,0),FALSE)>0,$D73*VLOOKUP($B73,Mapa_RA_CE!$A:$AD,MATCH(M1,Mapa_RA_CE!$1:$1,0),FALSE),""),"") | ... AC73: =IFERROR(IF(VLOOKUP($B73,Mapa_RA_CE!$A:$AD,MATCH(AC1,Mapa_RA_CE!$1:$1,0),FALSE)>0,$D73*VLOOKUP($B73,Mapa_RA_CE!$A:$AD,MATCH(AC1,Mapa_RA_CE!$1:$1,0),FALSE),""),"")
C74: =IFERROR(VLOOKUP($B74,Mapa_RA_CE!$A:$AD,2,FALSE),"") | F74: =IFERROR(IF(VLOOKUP($B74,Mapa_RA_CE!$A:$AD,MATCH(F1,Mapa_RA_CE!$1:$1,0),FALSE)>0,$D74*VLOOKUP($B74,Mapa_RA_CE!$A:$AD,MATCH(F1,Mapa_RA_CE!$1:$1,0),FALSE),""),"") | G74: =IFERROR(IF(VLOOKUP($B74,Mapa_RA_CE!$A:$AD,MATCH(G1,Mapa_RA_CE!$1:$1,0),FALSE)>0,$D74*VLOOKUP($B74,Mapa_RA_CE!$A:$AD,MATCH(G1,Mapa_RA_CE!$1:$1,0),FALSE),""),"") | H74: =IFERROR(IF(VLOOKUP($B74,Mapa_RA_CE!$A:$AD,MATCH(H1,Mapa_RA_CE!$1:$1,0),FALSE)>0,$D74*VLOOKUP($B74,Mapa_RA_CE!$A:$AD,MATCH(H1,Mapa_RA_CE!$1:$1,0),FALSE),""),"") | I74: =IFERROR(IF(VLOOKUP($B74,Mapa_RA_CE!$A:$AD,MATCH(I1,Mapa_RA_CE!$1:$1,0),FALSE)>0,$D74*VLOOKUP($B74,Mapa_RA_CE!$A:$AD,MATCH(I1,Mapa_RA_CE!$1:$1,0),FALSE),""),"") | J74: =IFERROR(IF(VLOOKUP($B74,Mapa_RA_CE!$A:$AD,MATCH(J1,Mapa_RA_CE!$1:$1,0),FALSE)>0,$D74*VLOOKUP($B74,Mapa_RA_CE!$A:$AD,MATCH(J1,Mapa_RA_CE!$1:$1,0),FALSE),""),"") | K74: =IFERROR(IF(VLOOKUP($B74,Mapa_RA_CE!$A:$AD,MATCH(K1,Mapa_RA_CE!$1:$1,0),FALSE)>0,$D74*VLOOKUP($B74,Mapa_RA_CE!$A:$AD,MATCH(K1,Mapa_RA_CE!$1:$1,0),FALSE),""),"") | L74: =IFERROR(IF(VLOOKUP($B74,Mapa_RA_CE!$A:$AD,MATCH(L1,Mapa_RA_CE!$1:$1,0),FALSE)>0,$D74*VLOOKUP($B74,Mapa_RA_CE!$A:$AD,MATCH(L1,Mapa_RA_CE!$1:$1,0),FALSE),""),"") | M74: =IFERROR(IF(VLOOKUP($B74,Mapa_RA_CE!$A:$AD,MATCH(M1,Mapa_RA_CE!$1:$1,0),FALSE)>0,$D74*VLOOKUP($B74,Mapa_RA_CE!$A:$AD,MATCH(M1,Mapa_RA_CE!$1:$1,0),FALSE),""),"") | ... AC74: =IFERROR(IF(VLOOKUP($B74,Mapa_RA_CE!$A:$AD,MATCH(AC1,Mapa_RA_CE!$1:$1,0),FALSE)>0,$D74*VLOOKUP($B74,Mapa_RA_CE!$A:$AD,MATCH(AC1,Mapa_RA_CE!$1:$1,0),FALSE),""),"")
C75: =IFERROR(VLOOKUP($B75,Mapa_RA_CE!$A:$AD,2,FALSE),"") | F75: =IFERROR(IF(VLOOKUP($B75,Mapa_RA_CE!$A:$AD,MATCH(F1,Mapa_RA_CE!$1:$1,0),FALSE)>0,$D75*VLOOKUP($B75,Mapa_RA_CE!$A:$AD,MATCH(F1,Mapa_RA_CE!$1:$1,0),FALSE),""),"") | G75: =IFERROR(IF(VLOOKUP($B75,Mapa_RA_CE!$A:$AD,MATCH(G1,Mapa_RA_CE!$1:$1,0),FALSE)>0,$D75*VLOOKUP($B75,Mapa_RA_CE!$A:$AD,MATCH(G1,Mapa_RA_CE!$1:$1,0),FALSE),""),"") | H75: =IFERROR(IF(VLOOKUP($B75,Mapa_RA_CE!$A:$AD,MATCH(H1,Mapa_RA_CE!$1:$1,0),FALSE)>0,$D75*VLOOKUP($B75,Mapa_RA_CE!$A:$AD,MATCH(H1,Mapa_RA_CE!$1:$1,0),FALSE),""),"") | I75: =IFERROR(IF(VLOOKUP($B75,Mapa_RA_CE!$A:$AD,MATCH(I1,Mapa_RA_CE!$1:$1,0),FALSE)>0,$D75*VLOOKUP($B75,Mapa_RA_CE!$A:$AD,MATCH(I1,Mapa_RA_CE!$1:$1,0),FALSE),""),"") | J75: =IFERROR(IF(VLOOKUP($B75,Mapa_RA_CE!$A:$AD,MATCH(J1,Mapa_RA_CE!$1:$1,0),FALSE)>0,$D75*VLOOKUP($B75,Mapa_RA_CE!$A:$AD,MATCH(J1,Mapa_RA_CE!$1:$1,0),FALSE),""),"") | K75: =IFERROR(IF(VLOOKUP($B75,Mapa_RA_CE!$A:$AD,MATCH(K1,Mapa_RA_CE!$1:$1,0),FALSE)>0,$D75*VLOOKUP($B75,Mapa_RA_CE!$A:$AD,MATCH(K1,Mapa_RA_CE!$1:$1,0),FALSE),""),"") | L75: =IFERROR(IF(VLOOKUP($B75,Mapa_RA_CE!$A:$AD,MATCH(L1,Mapa_RA_CE!$1:$1,0),FALSE)>0,$D75*VLOOKUP($B75,Mapa_RA_CE!$A:$AD,MATCH(L1,Mapa_RA_CE!$1:$1,0),FALSE),""),"") | M75: =IFERROR(IF(VLOOKUP($B75,Mapa_RA_CE!$A:$AD,MATCH(M1,Mapa_RA_CE!$1:$1,0),FALSE)>0,$D75*VLOOKUP($B75,Mapa_RA_CE!$A:$AD,MATCH(M1,Mapa_RA_CE!$1:$1,0),FALSE),""),"") | ... AC75: =IFERROR(IF(VLOOKUP($B75,Mapa_RA_CE!$A:$AD,MATCH(AC1,Mapa_RA_CE!$1:$1,0),FALSE)>0,$D75*VLOOKUP($B75,Mapa_RA_CE!$A:$AD,MATCH(AC1,Mapa_RA_CE!$1:$1,0),FALSE),""),"")
C76: =IFERROR(VLOOKUP($B76,Mapa_RA_CE!$A:$AD,2,FALSE),"") | F76: =IFERROR(IF(VLOOKUP($B76,Mapa_RA_CE!$A:$AD,MATCH(F1,Mapa_RA_CE!$1:$1,0),FALSE)>0,$D76*VLOOKUP($B76,Mapa_RA_CE!$A:$AD,MATCH(F1,Mapa_RA_CE!$1:$1,0),FALSE),""),"") | G76: =IFERROR(IF(VLOOKUP($B76,Mapa_RA_CE!$A:$AD,MATCH(G1,Mapa_RA_CE!$1:$1,0),FALSE)>0,$D76*VLOOKUP($B76,Mapa_RA_CE!$A:$AD,MATCH(G1,Mapa_RA_CE!$1:$1,0),FALSE),""),"") | H76: =IFERROR(IF(VLOOKUP($B76,Mapa_RA_CE!$A:$AD,MATCH(H1,Mapa_RA_CE!$1:$1,0),FALSE)>0,$D76*VLOOKUP($B76,Mapa_RA_CE!$A:$AD,MATCH(H1,Mapa_RA_CE!$1:$1,0),FALSE),""),"") | I76: =IFERROR(IF(VLOOKUP($B76,Mapa_RA_CE!$A:$AD,MATCH(I1,Mapa_RA_CE!$1:$1,0),FALSE)>0,$D76*VLOOKUP($B76,Mapa_RA_CE!$A:$AD,MATCH(I1,Mapa_RA_CE!$1:$1,0),FALSE),""),"") | J76: =IFERROR(IF(VLOOKUP($B76,Mapa_RA_CE!$A:$AD,MATCH(J1,Mapa_RA_CE!$1:$1,0),FALSE)>0,$D76*VLOOKUP($B76,Mapa_RA_CE!$A:$AD,MATCH(J1,Mapa_RA_CE!$1:$1,0),FALSE),""),"") | K76: =IFERROR(IF(VLOOKUP($B76,Mapa_RA_CE!$A:$AD,MATCH(K1,Mapa_RA_CE!$1:$1,0),FALSE)>0,$D76*VLOOKUP($B76,Mapa_RA_CE!$A:$AD,MATCH(K1,Mapa_RA_CE!$1:$1,0),FALSE),""),"") | L76: =IFERROR(IF(VLOOKUP($B76,Mapa_RA_CE!$A:$AD,MATCH(L1,Mapa_RA_CE!$1:$1,0),FALSE)>0,$D76*VLOOKUP($B76,Mapa_RA_CE!$A:$AD,MATCH(L1,Mapa_RA_CE!$1:$1,0),FALSE),""),"") | M76: =IFERROR(IF(VLOOKUP($B76,Mapa_RA_CE!$A:$AD,MATCH(M1,Mapa_RA_CE!$1:$1,0),FALSE)>0,$D76*VLOOKUP($B76,Mapa_RA_CE!$A:$AD,MATCH(M1,Mapa_RA_CE!$1:$1,0),FALSE),""),"") | ... AC76: =IFERROR(IF(VLOOKUP($B76,Mapa_RA_CE!$A:$AD,MATCH(AC1,Mapa_RA_CE!$1:$1,0),FALSE)>0,$D76*VLOOKUP($B76,Mapa_RA_CE!$A:$AD,MATCH(AC1,Mapa_RA_CE!$1:$1,0),FALSE),""),"")
C77: =IFERROR(VLOOKUP($B77,Mapa_RA_CE!$A:$AD,2,FALSE),"") | F77: =IFERROR(IF(VLOOKUP($B77,Mapa_RA_CE!$A:$AD,MATCH(F1,Mapa_RA_CE!$1:$1,0),FALSE)>0,$D77*VLOOKUP($B77,Mapa_RA_CE!$A:$AD,MATCH(F1,Mapa_RA_CE!$1:$1,0),FALSE),""),"") | G77: =IFERROR(IF(VLOOKUP($B77,Mapa_RA_CE!$A:$AD,MATCH(G1,Mapa_RA_CE!$1:$1,0),FALSE)>0,$D77*VLOOKUP($B77,Mapa_RA_CE!$A:$AD,MATCH(G1,Mapa_RA_CE!$1:$1,0),FALSE),""),"") | H77: =IFERROR(IF(VLOOKUP($B77,Mapa_RA_CE!$A:$AD,MATCH(H1,Mapa_RA_CE!$1:$1,0),FALSE)>0,$D77*VLOOKUP($B77,Mapa_RA_CE!$A:$AD,MATCH(H1,Mapa_RA_CE!$1:$1,0),FALSE),""),"") | I77: =IFERROR(IF(VLOOKUP($B77,Mapa_RA_CE!$A:$AD,MATCH(I1,Mapa_RA_CE!$1:$1,0),FALSE)>0,$D77*VLOOKUP($B77,Mapa_RA_CE!$A:$AD,MATCH(I1,Mapa_RA_CE!$1:$1,0),FALSE),""),"") | J77: =IFERROR(IF(VLOOKUP($B77,Mapa_RA_CE!$A:$AD,MATCH(J1,Mapa_RA_CE!$1:$1,0),FALSE)>0,$D77*VLOOKUP($B77,Mapa_RA_CE!$A:$AD,MATCH(J1,Mapa_RA_CE!$1:$1,0),FALSE),""),"") | K77: =IFERROR(IF(VLOOKUP($B77,Mapa_RA_CE!$A:$AD,MATCH(K1,Mapa_RA_CE!$1:$1,0),FALSE)>0,$D77*VLOOKUP($B77,Mapa_RA_CE!$A:$AD,MATCH(K1,Mapa_RA_CE!$1:$1,0),FALSE),""),"") | L77: =IFERROR(IF(VLOOKUP($B77,Mapa_RA_CE!$A:$AD,MATCH(L1,Mapa_RA_CE!$1:$1,0),FALSE)>0,$D77*VLOOKUP($B77,Mapa_RA_CE!$A:$AD,MATCH(L1,Mapa_RA_CE!$1:$1,0),FALSE),""),"") | M77: =IFERROR(IF(VLOOKUP($B77,Mapa_RA_CE!$A:$AD,MATCH(M1,Mapa_RA_CE!$1:$1,0),FALSE)>0,$D77*VLOOKUP($B77,Mapa_RA_CE!$A:$AD,MATCH(M1,Mapa_RA_CE!$1:$1,0),FALSE),""),"") | ... AC77: =IFERROR(IF(VLOOKUP($B77,Mapa_RA_CE!$A:$AD,MATCH(AC1,Mapa_RA_CE!$1:$1,0),FALSE)>0,$D77*VLOOKUP($B77,Mapa_RA_CE!$A:$AD,MATCH(AC1,Mapa_RA_CE!$1:$1,0),FALSE),""),"")
C78: =IFERROR(VLOOKUP($B78,Mapa_RA_CE!$A:$AD,2,FALSE),"") | F78: =IFERROR(IF(VLOOKUP($B78,Mapa_RA_CE!$A:$AD,MATCH(F1,Mapa_RA_CE!$1:$1,0),FALSE)>0,$D78*VLOOKUP($B78,Mapa_RA_CE!$A:$AD,MATCH(F1,Mapa_RA_CE!$1:$1,0),FALSE),""),"") | G78: =IFERROR(IF(VLOOKUP($B78,Mapa_RA_CE!$A:$AD,MATCH(G1,Mapa_RA_CE!$1:$1,0),FALSE)>0,$D78*VLOOKUP($B78,Mapa_RA_CE!$A:$AD,MATCH(G1,Mapa_RA_CE!$1:$1,0),FALSE),""),"") | H78: =IFERROR(IF(VLOOKUP($B78,Mapa_RA_CE!$A:$AD,MATCH(H1,Mapa_RA_CE!$1:$1,0),FALSE)>0,$D78*VLOOKUP($B78,Mapa_RA_CE!$A:$AD,MATCH(H1,Mapa_RA_CE!$1:$1,0),FALSE),""),"") | I78: =IFERROR(IF(VLOOKUP($B78,Mapa_RA_CE!$A:$AD,MATCH(I1,Mapa_RA_CE!$1:$1,0),FALSE)>0,$D78*VLOOKUP($B78,Mapa_RA_CE!$A:$AD,MATCH(I1,Mapa_RA_CE!$1:$1,0),FALSE),""),"") | J78: =IFERROR(IF(VLOOKUP($B78,Mapa_RA_CE!$A:$AD,MATCH(J1,Mapa_RA_CE!$1:$1,0),FALSE)>0,$D78*VLOOKUP($B78,Mapa_RA_CE!$A:$AD,MATCH(J1,Mapa_RA_CE!$1:$1,0),FALSE),""),"") | K78: =IFERROR(IF(VLOOKUP($B78,Mapa_RA_CE!$A:$AD,MATCH(K1,Mapa_RA_CE!$1:$1,0),FALSE)>0,$D78*VLOOKUP($B78,Mapa_RA_CE!$A:$AD,MATCH(K1,Mapa_RA_CE!$1:$1,0),FALSE),""),"") | L78: =IFERROR(IF(VLOOKUP($B78,Mapa_RA_CE!$A:$AD,MATCH(L1,Mapa_RA_CE!$1:$1,0),FALSE)>0,$D78*VLOOKUP($B78,Mapa_RA_CE!$A:$AD,MATCH(L1,Mapa_RA_CE!$1:$1,0),FALSE),""),"") | M78: =IFERROR(IF(VLOOKUP($B78,Mapa_RA_CE!$A:$AD,MATCH(M1,Mapa_RA_CE!$1:$1,0),FALSE)>0,$D78*VLOOKUP($B78,Mapa_RA_CE!$A:$AD,MATCH(M1,Mapa_RA_CE!$1:$1,0),FALSE),""),"") | ... AC78: =IFERROR(IF(VLOOKUP($B78,Mapa_RA_CE!$A:$AD,MATCH(AC1,Mapa_RA_CE!$1:$1,0),FALSE)>0,$D78*VLOOKUP($B78,Mapa_RA_CE!$A:$AD,MATCH(AC1,Mapa_RA_CE!$1:$1,0),FALSE),""),"")
C79: =IFERROR(VLOOKUP($B79,Mapa_RA_CE!$A:$AD,2,FALSE),"") | F79: =IFERROR(IF(VLOOKUP($B79,Mapa_RA_CE!$A:$AD,MATCH(F1,Mapa_RA_CE!$1:$1,0),FALSE)>0,$D79*VLOOKUP($B79,Mapa_RA_CE!$A:$AD,MATCH(F1,Mapa_RA_CE!$1:$1,0),FALSE),""),"") | G79: =IFERROR(IF(VLOOKUP($B79,Mapa_RA_CE!$A:$AD,MATCH(G1,Mapa_RA_CE!$1:$1,0),FALSE)>0,$D79*VLOOKUP($B79,Mapa_RA_CE!$A:$AD,MATCH(G1,Mapa_RA_CE!$1:$1,0),FALSE),""),"") | H79: =IFERROR(IF(VLOOKUP($B79,Mapa_RA_CE!$A:$AD,MATCH(H1,Mapa_RA_CE!$1:$1,0),FALSE)>0,$D79*VLOOKUP($B79,Mapa_RA_CE!$A:$AD,MATCH(H1,Mapa_RA_CE!$1:$1,0),FALSE),""),"") | I79: =IFERROR(IF(VLOOKUP($B79,Mapa_RA_CE!$A:$AD,MATCH(I1,Mapa_RA_CE!$1:$1,0),FALSE)>0,$D79*VLOOKUP($B79,Mapa_RA_CE!$A:$AD,MATCH(I1,Mapa_RA_CE!$1:$1,0),FALSE),""),"") | J79: =IFERROR(IF(VLOOKUP($B79,Mapa_RA_CE!$A:$AD,MATCH(J1,Mapa_RA_CE!$1:$1,0),FALSE)>0,$D79*VLOOKUP($B79,Mapa_RA_CE!$A:$AD,MATCH(J1,Mapa_RA_CE!$1:$1,0),FALSE),""),"") | K79: =IFERROR(IF(VLOOKUP($B79,Mapa_RA_CE!$A:$AD,MATCH(K1,Mapa_RA_CE!$1:$1,0),FALSE)>0,$D79*VLOOKUP($B79,Mapa_RA_CE!$A:$AD,MATCH(K1,Mapa_RA_CE!$1:$1,0),FALSE),""),"") | L79: =IFERROR(IF(VLOOKUP($B79,Mapa_RA_CE!$A:$AD,MATCH(L1,Mapa_RA_CE!$1:$1,0),FALSE)>0,$D79*VLOOKUP($B79,Mapa_RA_CE!$A:$AD,MATCH(L1,Mapa_RA_CE!$1:$1,0),FALSE),""),"") | M79: =IFERROR(IF(VLOOKUP($B79,Mapa_RA_CE!$A:$AD,MATCH(M1,Mapa_RA_CE!$1:$1,0),FALSE)>0,$D79*VLOOKUP($B79,Mapa_RA_CE!$A:$AD,MATCH(M1,Mapa_RA_CE!$1:$1,0),FALSE),""),"") | ... AC79: =IFERROR(IF(VLOOKUP($B79,Mapa_RA_CE!$A:$AD,MATCH(AC1,Mapa_RA_CE!$1:$1,0),FALSE)>0,$D79*VLOOKUP($B79,Mapa_RA_CE!$A:$AD,MATCH(AC1,Mapa_RA_CE!$1:$1,0),FALSE),""),"")
C80: =IFERROR(VLOOKUP($B80,Mapa_RA_CE!$A:$AD,2,FALSE),"") | F80: =IFERROR(IF(VLOOKUP($B80,Mapa_RA_CE!$A:$AD,MATCH(F1,Mapa_RA_CE!$1:$1,0),FALSE)>0,$D80*VLOOKUP($B80,Mapa_RA_CE!$A:$AD,MATCH(F1,Mapa_RA_CE!$1:$1,0),FALSE),""),"") | G80: =IFERROR(IF(VLOOKUP($B80,Mapa_RA_CE!$A:$AD,MATCH(G1,Mapa_RA_CE!$1:$1,0),FALSE)>0,$D80*VLOOKUP($B80,Mapa_RA_CE!$A:$AD,MATCH(G1,Mapa_RA_CE!$1:$1,0),FALSE),""),"") | H80: =IFERROR(IF(VLOOKUP($B80,Mapa_RA_CE!$A:$AD,MATCH(H1,Mapa_RA_CE!$1:$1,0),FALSE)>0,$D80*VLOOKUP($B80,Mapa_RA_CE!$A:$AD,MATCH(H1,Mapa_RA_CE!$1:$1,0),FALSE),""),"") | I80: =IFERROR(IF(VLOOKUP($B80,Mapa_RA_CE!$A:$AD,MATCH(I1,Mapa_RA_CE!$1:$1,0),FALSE)>0,$D80*VLOOKUP($B80,Mapa_RA_CE!$A:$AD,MATCH(I1,Mapa_RA_CE!$1:$1,0),FALSE),""),"") | J80: =IFERROR(IF(VLOOKUP($B80,Mapa_RA_CE!$A:$AD,MATCH(J1,Mapa_RA_CE!$1:$1,0),FALSE)>0,$D80*VLOOKUP($B80,Mapa_RA_CE!$A:$AD,MATCH(J1,Mapa_RA_CE!$1:$1,0),FALSE),""),"") | K80: =IFERROR(IF(VLOOKUP($B80,Mapa_RA_CE!$A:$AD,MATCH(K1,Mapa_RA_CE!$1:$1,0),FALSE)>0,$D80*VLOOKUP($B80,Mapa_RA_CE!$A:$AD,MATCH(K1,Mapa_RA_CE!$1:$1,0),FALSE),""),"") | L80: =IFERROR(IF(VLOOKUP($B80,Mapa_RA_CE!$A:$AD,MATCH(L1,Mapa_RA_CE!$1:$1,0),FALSE)>0,$D80*VLOOKUP($B80,Mapa_RA_CE!$A:$AD,MATCH(L1,Mapa_RA_CE!$1:$1,0),FALSE),""),"") | M80: =IFERROR(IF(VLOOKUP($B80,Mapa_RA_CE!$A:$AD,MATCH(M1,Mapa_RA_CE!$1:$1,0),FALSE)>0,$D80*VLOOKUP($B80,Mapa_RA_CE!$A:$AD,MATCH(M1,Mapa_RA_CE!$1:$1,0),FALSE),""),"") | ... AC80: =IFERROR(IF(VLOOKUP($B80,Mapa_RA_CE!$A:$AD,MATCH(AC1,Mapa_RA_CE!$1:$1,0),FALSE)>0,$D80*VLOOKUP($B80,Mapa_RA_CE!$A:$AD,MATCH(AC1,Mapa_RA_CE!$1:$1,0),FALSE),""),"")
C81: =IFERROR(VLOOKUP($B81,Mapa_RA_CE!$A:$AD,2,FALSE),"") | F81: =IFERROR(IF(VLOOKUP($B81,Mapa_RA_CE!$A:$AD,MATCH(F1,Mapa_RA_CE!$1:$1,0),FALSE)>0,$D81*VLOOKUP($B81,Mapa_RA_CE!$A:$AD,MATCH(F1,Mapa_RA_CE!$1:$1,0),FALSE),""),"") | G81: =IFERROR(IF(VLOOKUP($B81,Mapa_RA_CE!$A:$AD,MATCH(G1,Mapa_RA_CE!$1:$1,0),FALSE)>0,$D81*VLOOKUP($B81,Mapa_RA_CE!$A:$AD,MATCH(G1,Mapa_RA_CE!$1:$1,0),FALSE),""),"") | H81: =IFERROR(IF(VLOOKUP($B81,Mapa_RA_CE!$A:$AD,MATCH(H1,Mapa_RA_CE!$1:$1,0),FALSE)>0,$D81*VLOOKUP($B81,Mapa_RA_CE!$A:$AD,MATCH(H1,Mapa_RA_CE!$1:$1,0),FALSE),""),"") | I81: =IFERROR(IF(VLOOKUP($B81,Mapa_RA_CE!$A:$AD,MATCH(I1,Mapa_RA_CE!$1:$1,0),FALSE)>0,$D81*VLOOKUP($B81,Mapa_RA_CE!$A:$AD,MATCH(I1,Mapa_RA_CE!$1:$1,0),FALSE),""),"") | J81: =IFERROR(IF(VLOOKUP($B81,Mapa_RA_CE!$A:$AD,MATCH(J1,Mapa_RA_CE!$1:$1,0),FALSE)>0,$D81*VLOOKUP($B81,Mapa_RA_CE!$A:$AD,MATCH(J1,Mapa_RA_CE!$1:$1,0),FALSE),""),"") | K81: =IFERROR(IF(VLOOKUP($B81,Mapa_RA_CE!$A:$AD,MATCH(K1,Mapa_RA_CE!$1:$1,0),FALSE)>0,$D81*VLOOKUP($B81,Mapa_RA_CE!$A:$AD,MATCH(K1,Mapa_RA_CE!$1:$1,0),FALSE),""),"") | L81: =IFERROR(IF(VLOOKUP($B81,Mapa_RA_CE!$A:$AD,MATCH(L1,Mapa_RA_CE!$1:$1,0),FALSE)>0,$D81*VLOOKUP($B81,Mapa_RA_CE!$A:$AD,MATCH(L1,Mapa_RA_CE!$1:$1,0),FALSE),""),"") | M81: =IFERROR(IF(VLOOKUP($B81,Mapa_RA_CE!$A:$AD,MATCH(M1,Mapa_RA_CE!$1:$1,0),FALSE)>0,$D81*VLOOKUP($B81,Mapa_RA_CE!$A:$AD,MATCH(M1,Mapa_RA_CE!$1:$1,0),FALSE),""),"") | ... AC81: =IFERROR(IF(VLOOKUP($B81,Mapa_RA_CE!$A:$AD,MATCH(AC1,Mapa_RA_CE!$1:$1,0),FALSE)>0,$D81*VLOOKUP($B81,Mapa_RA_CE!$A:$AD,MATCH(AC1,Mapa_RA_CE!$1:$1,0),FALSE),""),"")
C82: =IFERROR(VLOOKUP($B82,Mapa_RA_CE!$A:$AD,2,FALSE),"") | F82: =IFERROR(IF(VLOOKUP($B82,Mapa_RA_CE!$A:$AD,MATCH(F1,Mapa_RA_CE!$1:$1,0),FALSE)>0,$D82*VLOOKUP($B82,Mapa_RA_CE!$A:$AD,MATCH(F1,Mapa_RA_CE!$1:$1,0),FALSE),""),"") | G82: =IFERROR(IF(VLOOKUP($B82,Mapa_RA_CE!$A:$AD,MATCH(G1,Mapa_RA_CE!$1:$1,0),FALSE)>0,$D82*VLOOKUP($B82,Mapa_RA_CE!$A:$AD,MATCH(G1,Mapa_RA_CE!$1:$1,0),FALSE),""),"") | H82: =IFERROR(IF(VLOOKUP($B82,Mapa_RA_CE!$A:$AD,MATCH(H1,Mapa_RA_CE!$1:$1,0),FALSE)>0,$D82*VLOOKUP($B82,Mapa_RA_CE!$A:$AD,MATCH(H1,Mapa_RA_CE!$1:$1,0),FALSE),""),"") | I82: =IFERROR(IF(VLOOKUP($B82,Mapa_RA_CE!$A:$AD,MATCH(I1,Mapa_RA_CE!$1:$1,0),FALSE)>0,$D82*VLOOKUP($B82,Mapa_RA_CE!$A:$AD,MATCH(I1,Mapa_RA_CE!$1:$1,0),FALSE),""),"") | J82: =IFERROR(IF(VLOOKUP($B82,Mapa_RA_CE!$A:$AD,MATCH(J1,Mapa_RA_CE!$1:$1,0),FALSE)>0,$D82*VLOOKUP($B82,Mapa_RA_CE!$A:$AD,MATCH(J1,Mapa_RA_CE!$1:$1,0),FALSE),""),"") | K82: =IFERROR(IF(VLOOKUP($B82,Mapa_RA_CE!$A:$AD,MATCH(K1,Mapa_RA_CE!$1:$1,0),FALSE)>0,$D82*VLOOKUP($B82,Mapa_RA_CE!$A:$AD,MATCH(K1,Mapa_RA_CE!$1:$1,0),FALSE),""),"") | L82: =IFERROR(IF(VLOOKUP($B82,Mapa_RA_CE!$A:$AD,MATCH(L1,Mapa_RA_CE!$1:$1,0),FALSE)>0,$D82*VLOOKUP($B82,Mapa_RA_CE!$A:$AD,MATCH(L1,Mapa_RA_CE!$1:$1,0),FALSE),""),"") | M82: =IFERROR(IF(VLOOKUP($B82,Mapa_RA_CE!$A:$AD,MATCH(M1,Mapa_RA_CE!$1:$1,0),FALSE)>0,$D82*VLOOKUP($B82,Mapa_RA_CE!$A:$AD,MATCH(M1,Mapa_RA_CE!$1:$1,0),FALSE),""),"") | ... AC82: =IFERROR(IF(VLOOKUP($B82,Mapa_RA_CE!$A:$AD,MATCH(AC1,Mapa_RA_CE!$1:$1,0),FALSE)>0,$D82*VLOOKUP($B82,Mapa_RA_CE!$A:$AD,MATCH(AC1,Mapa_RA_CE!$1:$1,0),FALSE),""),"")
C83: =IFERROR(VLOOKUP($B83,Mapa_RA_CE!$A:$AD,2,FALSE),"") | F83: =IFERROR(IF(VLOOKUP($B83,Mapa_RA_CE!$A:$AD,MATCH(F1,Mapa_RA_CE!$1:$1,0),FALSE)>0,$D83*VLOOKUP($B83,Mapa_RA_CE!$A:$AD,MATCH(F1,Mapa_RA_CE!$1:$1,0),FALSE),""),"") | G83: =IFERROR(IF(VLOOKUP($B83,Mapa_RA_CE!$A:$AD,MATCH(G1,Mapa_RA_CE!$1:$1,0),FALSE)>0,$D83*VLOOKUP($B83,Mapa_RA_CE!$A:$AD,MATCH(G1,Mapa_RA_CE!$1:$1,0),FALSE),""),"") | H83: =IFERROR(IF(VLOOKUP($B83,Mapa_RA_CE!$A:$AD,MATCH(H1,Mapa_RA_CE!$1:$1,0),FALSE)>0,$D83*VLOOKUP($B83,Mapa_RA_CE!$A:$AD,MATCH(H1,Mapa_RA_CE!$1:$1,0),FALSE),""),"") | I83: =IFERROR(IF(VLOOKUP($B83,Mapa_RA_CE!$A:$AD,MATCH(I1,Mapa_RA_CE!$1:$1,0),FALSE)>0,$D83*VLOOKUP($B83,Mapa_RA_CE!$A:$AD,MATCH(I1,Mapa_RA_CE!$1:$1,0),FALSE),""),"") | J83: =IFERROR(IF(VLOOKUP($B83,Mapa_RA_CE!$A:$AD,MATCH(J1,Mapa_RA_CE!$1:$1,0),FALSE)>0,$D83*VLOOKUP($B83,Mapa_RA_CE!$A:$AD,MATCH(J1,Mapa_RA_CE!$1:$1,0),FALSE),""),"") | K83: =IFERROR(IF(VLOOKUP($B83,Mapa_RA_CE!$A:$AD,MATCH(K1,Mapa_RA_CE!$1:$1,0),FALSE)>0,$D83*VLOOKUP($B83,Mapa_RA_CE!$A:$AD,MATCH(K1,Mapa_RA_CE!$1:$1,0),FALSE),""),"") | L83: =IFERROR(IF(VLOOKUP($B83,Mapa_RA_CE!$A:$AD,MATCH(L1,Mapa_RA_CE!$1:$1,0),FALSE)>0,$D83*VLOOKUP($B83,Mapa_RA_CE!$A:$AD,MATCH(L1,Mapa_RA_CE!$1:$1,0),FALSE),""),"") | M83: =IFERROR(IF(VLOOKUP($B83,Mapa_RA_CE!$A:$AD,MATCH(M1,Mapa_RA_CE!$1:$1,0),FALSE)>0,$D83*VLOOKUP($B83,Mapa_RA_CE!$A:$AD,MATCH(M1,Mapa_RA_CE!$1:$1,0),FALSE),""),"") | ... AC83: =IFERROR(IF(VLOOKUP($B83,Mapa_RA_CE!$A:$AD,MATCH(AC1,Mapa_RA_CE!$1:$1,0),FALSE)>0,$D83*VLOOKUP($B83,Mapa_RA_CE!$A:$AD,MATCH(AC1,Mapa_RA_CE!$1:$1,0),FALSE),""),"")
C84: =IFERROR(VLOOKUP($B84,Mapa_RA_CE!$A:$AD,2,FALSE),"") | F84: =IFERROR(IF(VLOOKUP($B84,Mapa_RA_CE!$A:$AD,MATCH(F1,Mapa_RA_CE!$1:$1,0),FALSE)>0,$D84*VLOOKUP($B84,Mapa_RA_CE!$A:$AD,MATCH(F1,Mapa_RA_CE!$1:$1,0),FALSE),""),"") | G84: =IFERROR(IF(VLOOKUP($B84,Mapa_RA_CE!$A:$AD,MATCH(G1,Mapa_RA_CE!$1:$1,0),FALSE)>0,$D84*VLOOKUP($B84,Mapa_RA_CE!$A:$AD,MATCH(G1,Mapa_RA_CE!$1:$1,0),FALSE),""),"") | H84: =IFERROR(IF(VLOOKUP($B84,Mapa_RA_CE!$A:$AD,MATCH(H1,Mapa_RA_CE!$1:$1,0),FALSE)>0,$D84*VLOOKUP($B84,Mapa_RA_CE!$A:$AD,MATCH(H1,Mapa_RA_CE!$1:$1,0),FALSE),""),"") | I84: =IFERROR(IF(VLOOKUP($B84,Mapa_RA_CE!$A:$AD,MATCH(I1,Mapa_RA_CE!$1:$1,0),FALSE)>0,$D84*VLOOKUP($B84,Mapa_RA_CE!$A:$AD,MATCH(I1,Mapa_RA_CE!$1:$1,0),FALSE),""),"") | J84: =IFERROR(IF(VLOOKUP($B84,Mapa_RA_CE!$A:$AD,MATCH(J1,Mapa_RA_CE!$1:$1,0),FALSE)>0,$D84*VLOOKUP($B84,Mapa_RA_CE!$A:$AD,MATCH(J1,Mapa_RA_CE!$1:$1,0),FALSE),""),"") | K84: =IFERROR(IF(VLOOKUP($B84,Mapa_RA_CE!$A:$AD,MATCH(K1,Mapa_RA_CE!$1:$1,0),FALSE)>0,$D84*VLOOKUP($B84,Mapa_RA_CE!$A:$AD,MATCH(K1,Mapa_RA_CE!$1:$1,0),FALSE),""),"") | L84: =IFERROR(IF(VLOOKUP($B84,Mapa_RA_CE!$A:$AD,MATCH(L1,Mapa_RA_CE!$1:$1,0),FALSE)>0,$D84*VLOOKUP($B84,Mapa_RA_CE!$A:$AD,MATCH(L1,Mapa_RA_CE!$1:$1,0),FALSE),""),"") | M84: =IFERROR(IF(VLOOKUP($B84,Mapa_RA_CE!$A:$AD,MATCH(M1,Mapa_RA_CE!$1:$1,0),FALSE)>0,$D84*VLOOKUP($B84,Mapa_RA_CE!$A:$AD,MATCH(M1,Mapa_RA_CE!$1:$1,0),FALSE),""),"") | ... AC84: =IFERROR(IF(VLOOKUP($B84,Mapa_RA_CE!$A:$AD,MATCH(AC1,Mapa_RA_CE!$1:$1,0),FALSE)>0,$D84*VLOOKUP($B84,Mapa_RA_CE!$A:$AD,MATCH(AC1,Mapa_RA_CE!$1:$1,0),FALSE),""),"")
C85: =IFERROR(VLOOKUP($B85,Mapa_RA_CE!$A:$AD,2,FALSE),"") | F85: =IFERROR(IF(VLOOKUP($B85,Mapa_RA_CE!$A:$AD,MATCH(F1,Mapa_RA_CE!$1:$1,0),FALSE)>0,$D85*VLOOKUP($B85,Mapa_RA_CE!$A:$AD,MATCH(F1,Mapa_RA_CE!$1:$1,0),FALSE),""),"") | G85: =IFERROR(IF(VLOOKUP($B85,Mapa_RA_CE!$A:$AD,MATCH(G1,Mapa_RA_CE!$1:$1,0),FALSE)>0,$D85*VLOOKUP($B85,Mapa_RA_CE!$A:$AD,MATCH(G1,Mapa_RA_CE!$1:$1,0),FALSE),""),"") | H85: =IFERROR(IF(VLOOKUP($B85,Mapa_RA_CE!$A:$AD,MATCH(H1,Mapa_RA_CE!$1:$1,0),FALSE)>0,$D85*VLOOKUP($B85,Mapa_RA_CE!$A:$AD,MATCH(H1,Mapa_RA_CE!$1:$1,0),FALSE),""),"") | I85: =IFERROR(IF(VLOOKUP($B85,Mapa_RA_CE!$A:$AD,MATCH(I1,Mapa_RA_CE!$1:$1,0),FALSE)>0,$D85*VLOOKUP($B85,Mapa_RA_CE!$A:$AD,MATCH(I1,Mapa_RA_CE!$1:$1,0),FALSE),""),"") | J85: =IFERROR(IF(VLOOKUP($B85,Mapa_RA_CE!$A:$AD,MATCH(J1,Mapa_RA_CE!$1:$1,0),FALSE)>0,$D85*VLOOKUP($B85,Mapa_RA_CE!$A:$AD,MATCH(J1,Mapa_RA_CE!$1:$1,0),FALSE),""),"") | K85: =IFERROR(IF(VLOOKUP($B85,Mapa_RA_CE!$A:$AD,MATCH(K1,Mapa_RA_CE!$1:$1,0),FALSE)>0,$D85*VLOOKUP($B85,Mapa_RA_CE!$A:$AD,MATCH(K1,Mapa_RA_CE!$1:$1,0),FALSE),""),"") | L85: =IFERROR(IF(VLOOKUP($B85,Mapa_RA_CE!$A:$AD,MATCH(L1,Mapa_RA_CE!$1:$1,0),FALSE)>0,$D85*VLOOKUP($B85,Mapa_RA_CE!$A:$AD,MATCH(L1,Mapa_RA_CE!$1:$1,0),FALSE),""),"") | M85: =IFERROR(IF(VLOOKUP($B85,Mapa_RA_CE!$A:$AD,MATCH(M1,Mapa_RA_CE!$1:$1,0),FALSE)>0,$D85*VLOOKUP($B85,Mapa_RA_CE!$A:$AD,MATCH(M1,Mapa_RA_CE!$1:$1,0),FALSE),""),"") | ... AC85: =IFERROR(IF(VLOOKUP($B85,Mapa_RA_CE!$A:$AD,MATCH(AC1,Mapa_RA_CE!$1:$1,0),FALSE)>0,$D85*VLOOKUP($B85,Mapa_RA_CE!$A:$AD,MATCH(AC1,Mapa_RA_CE!$1:$1,0),FALSE),""),"")
C86: =IFERROR(VLOOKUP($B86,Mapa_RA_CE!$A:$AD,2,FALSE),"") | F86: =IFERROR(IF(VLOOKUP($B86,Mapa_RA_CE!$A:$AD,MATCH(F1,Mapa_RA_CE!$1:$1,0),FALSE)>0,$D86*VLOOKUP($B86,Mapa_RA_CE!$A:$AD,MATCH(F1,Mapa_RA_CE!$1:$1,0),FALSE),""),"") | G86: =IFERROR(IF(VLOOKUP($B86,Mapa_RA_CE!$A:$AD,MATCH(G1,Mapa_RA_CE!$1:$1,0),FALSE)>0,$D86*VLOOKUP($B86,Mapa_RA_CE!$A:$AD,MATCH(G1,Mapa_RA_CE!$1:$1,0),FALSE),""),"") | H86: =IFERROR(IF(VLOOKUP($B86,Mapa_RA_CE!$A:$AD,MATCH(H1,Mapa_RA_CE!$1:$1,0),FALSE)>0,$D86*VLOOKUP($B86,Mapa_RA_CE!$A:$AD,MATCH(H1,Mapa_RA_CE!$1:$1,0),FALSE),""),"") | I86: =IFERROR(IF(VLOOKUP($B86,Mapa_RA_CE!$A:$AD,MATCH(I1,Mapa_RA_CE!$1:$1,0),FALSE)>0,$D86*VLOOKUP($B86,Mapa_RA_CE!$A:$AD,MATCH(I1,Mapa_RA_CE!$1:$1,0),FALSE),""),"") | J86: =IFERROR(IF(VLOOKUP($B86,Mapa_RA_CE!$A:$AD,MATCH(J1,Mapa_RA_CE!$1:$1,0),FALSE)>0,$D86*VLOOKUP($B86,Mapa_RA_CE!$A:$AD,MATCH(J1,Mapa_RA_CE!$1:$1,0),FALSE),""),"") | K86: =IFERROR(IF(VLOOKUP($B86,Mapa_RA_CE!$A:$AD,MATCH(K1,Mapa_RA_CE!$1:$1,0),FALSE)>0,$D86*VLOOKUP($B86,Mapa_RA_CE!$A:$AD,MATCH(K1,Mapa_RA_CE!$1:$1,0),FALSE),""),"") | L86: =IFERROR(IF(VLOOKUP($B86,Mapa_RA_CE!$A:$AD,MATCH(L1,Mapa_RA_CE!$1:$1,0),FALSE)>0,$D86*VLOOKUP($B86,Mapa_RA_CE!$A:$AD,MATCH(L1,Mapa_RA_CE!$1:$1,0),FALSE),""),"") | M86: =IFERROR(IF(VLOOKUP($B86,Mapa_RA_CE!$A:$AD,MATCH(M1,Mapa_RA_CE!$1:$1,0),FALSE)>0,$D86*VLOOKUP($B86,Mapa_RA_CE!$A:$AD,MATCH(M1,Mapa_RA_CE!$1:$1,0),FALSE),""),"") | ... AC86: =IFERROR(IF(VLOOKUP($B86,Mapa_RA_CE!$A:$AD,MATCH(AC1,Mapa_RA_CE!$1:$1,0),FALSE)>0,$D86*VLOOKUP($B86,Mapa_RA_CE!$A:$AD,MATCH(AC1,Mapa_RA_CE!$1:$1,0),FALSE),""),"")
C87: =IFERROR(VLOOKUP($B87,Mapa_RA_CE!$A:$AD,2,FALSE),"") | F87: =IFERROR(IF(VLOOKUP($B87,Mapa_RA_CE!$A:$AD,MATCH(F1,Mapa_RA_CE!$1:$1,0),FALSE)>0,$D87*VLOOKUP($B87,Mapa_RA_CE!$A:$AD,MATCH(F1,Mapa_RA_CE!$1:$1,0),FALSE),""),"") | G87: =IFERROR(IF(VLOOKUP($B87,Mapa_RA_CE!$A:$AD,MATCH(G1,Mapa_RA_CE!$1:$1,0),FALSE)>0,$D87*VLOOKUP($B87,Mapa_RA_CE!$A:$AD,MATCH(G1,Mapa_RA_CE!$1:$1,0),FALSE),""),"") | H87: =IFERROR(IF(VLOOKUP($B87,Mapa_RA_CE!$A:$AD,MATCH(H1,Mapa_RA_CE!$1:$1,0),FALSE)>0,$D87*VLOOKUP($B87,Mapa_RA_CE!$A:$AD,MATCH(H1,Mapa_RA_CE!$1:$1,0),FALSE),""),"") | I87: =IFERROR(IF(VLOOKUP($B87,Mapa_RA_CE!$A:$AD,MATCH(I1,Mapa_RA_CE!$1:$1,0),FALSE)>0,$D87*VLOOKUP($B87,Mapa_RA_CE!$A:$AD,MATCH(I1,Mapa_RA_CE!$1:$1,0),FALSE),""),"") | J87: =IFERROR(IF(VLOOKUP($B87,Mapa_RA_CE!$A:$AD,MATCH(J1,Mapa_RA_CE!$1:$1,0),FALSE)>0,$D87*VLOOKUP($B87,Mapa_RA_CE!$A:$AD,MATCH(J1,Mapa_RA_CE!$1:$1,0),FALSE),""),"") | K87: =IFERROR(IF(VLOOKUP($B87,Mapa_RA_CE!$A:$AD,MATCH(K1,Mapa_RA_CE!$1:$1,0),FALSE)>0,$D87*VLOOKUP($B87,Mapa_RA_CE!$A:$AD,MATCH(K1,Mapa_RA_CE!$1:$1,0),FALSE),""),"") | L87: =IFERROR(IF(VLOOKUP($B87,Mapa_RA_CE!$A:$AD,MATCH(L1,Mapa_RA_CE!$1:$1,0),FALSE)>0,$D87*VLOOKUP($B87,Mapa_RA_CE!$A:$AD,MATCH(L1,Mapa_RA_CE!$1:$1,0),FALSE),""),"") | M87: =IFERROR(IF(VLOOKUP($B87,Mapa_RA_CE!$A:$AD,MATCH(M1,Mapa_RA_CE!$1:$1,0),FALSE)>0,$D87*VLOOKUP($B87,Mapa_RA_CE!$A:$AD,MATCH(M1,Mapa_RA_CE!$1:$1,0),FALSE),""),"") | ... AC87: =IFERROR(IF(VLOOKUP($B87,Mapa_RA_CE!$A:$AD,MATCH(AC1,Mapa_RA_CE!$1:$1,0),FALSE)>0,$D87*VLOOKUP($B87,Mapa_RA_CE!$A:$AD,MATCH(AC1,Mapa_RA_CE!$1:$1,0),FALSE),""),"")
C88: =IFERROR(VLOOKUP($B88,Mapa_RA_CE!$A:$AD,2,FALSE),"") | F88: =IFERROR(IF(VLOOKUP($B88,Mapa_RA_CE!$A:$AD,MATCH(F1,Mapa_RA_CE!$1:$1,0),FALSE)>0,$D88*VLOOKUP($B88,Mapa_RA_CE!$A:$AD,MATCH(F1,Mapa_RA_CE!$1:$1,0),FALSE),""),"") | G88: =IFERROR(IF(VLOOKUP($B88,Mapa_RA_CE!$A:$AD,MATCH(G1,Mapa_RA_CE!$1:$1,0),FALSE)>0,$D88*VLOOKUP($B88,Mapa_RA_CE!$A:$AD,MATCH(G1,Mapa_RA_CE!$1:$1,0),FALSE),""),"") | H88: =IFERROR(IF(VLOOKUP($B88,Mapa_RA_CE!$A:$AD,MATCH(H1,Mapa_RA_CE!$1:$1,0),FALSE)>0,$D88*VLOOKUP($B88,Mapa_RA_CE!$A:$AD,MATCH(H1,Mapa_RA_CE!$1:$1,0),FALSE),""),"") | I88: =IFERROR(IF(VLOOKUP($B88,Mapa_RA_CE!$A:$AD,MATCH(I1,Mapa_RA_CE!$1:$1,0),FALSE)>0,$D88*VLOOKUP($B88,Mapa_RA_CE!$A:$AD,MATCH(I1,Mapa_RA_CE!$1:$1,0),FALSE),""),"") | J88: =IFERROR(IF(VLOOKUP($B88,Mapa_RA_CE!$A:$AD,MATCH(J1,Mapa_RA_CE!$1:$1,0),FALSE)>0,$D88*VLOOKUP($B88,Mapa_RA_CE!$A:$AD,MATCH(J1,Mapa_RA_CE!$1:$1,0),FALSE),""),"") | K88: =IFERROR(IF(VLOOKUP($B88,Mapa_RA_CE!$A:$AD,MATCH(K1,Mapa_RA_CE!$1:$1,0),FALSE)>0,$D88*VLOOKUP($B88,Mapa_RA_CE!$A:$AD,MATCH(K1,Mapa_RA_CE!$1:$1,0),FALSE),""),"") | L88: =IFERROR(IF(VLOOKUP($B88,Mapa_RA_CE!$A:$AD,MATCH(L1,Mapa_RA_CE!$1:$1,0),FALSE)>0,$D88*VLOOKUP($B88,Mapa_RA_CE!$A:$AD,MATCH(L1,Mapa_RA_CE!$1:$1,0),FALSE),""),"") | M88: =IFERROR(IF(VLOOKUP($B88,Mapa_RA_CE!$A:$AD,MATCH(M1,Mapa_RA_CE!$1:$1,0),FALSE)>0,$D88*VLOOKUP($B88,Mapa_RA_CE!$A:$AD,MATCH(M1,Mapa_RA_CE!$1:$1,0),FALSE),""),"") | ... AC88: =IFERROR(IF(VLOOKUP($B88,Mapa_RA_CE!$A:$AD,MATCH(AC1,Mapa_RA_CE!$1:$1,0),FALSE)>0,$D88*VLOOKUP($B88,Mapa_RA_CE!$A:$AD,MATCH(AC1,Mapa_RA_CE!$1:$1,0),FALSE),""),"")
C89: =IFERROR(VLOOKUP($B89,Mapa_RA_CE!$A:$AD,2,FALSE),"") | F89: =IFERROR(IF(VLOOKUP($B89,Mapa_RA_CE!$A:$AD,MATCH(F1,Mapa_RA_CE!$1:$1,0),FALSE)>0,$D89*VLOOKUP($B89,Mapa_RA_CE!$A:$AD,MATCH(F1,Mapa_RA_CE!$1:$1,0),FALSE),""),"") | G89: =IFERROR(IF(VLOOKUP($B89,Mapa_RA_CE!$A:$AD,MATCH(G1,Mapa_RA_CE!$1:$1,0),FALSE)>0,$D89*VLOOKUP($B89,Mapa_RA_CE!$A:$AD,MATCH(G1,Mapa_RA_CE!$1:$1,0),FALSE),""),"") | H89: =IFERROR(IF(VLOOKUP($B89,Mapa_RA_CE!$A:$AD,MATCH(H1,Mapa_RA_CE!$1:$1,0),FALSE)>0,$D89*VLOOKUP($B89,Mapa_RA_CE!$A:$AD,MATCH(H1,Mapa_RA_CE!$1:$1,0),FALSE),""),"") | I89: =IFERROR(IF(VLOOKUP($B89,Mapa_RA_CE!$A:$AD,MATCH(I1,Mapa_RA_CE!$1:$1,0),FALSE)>0,$D89*VLOOKUP($B89,Mapa_RA_CE!$A:$AD,MATCH(I1,Mapa_RA_CE!$1:$1,0),FALSE),""),"") | J89: =IFERROR(IF(VLOOKUP($B89,Mapa_RA_CE!$A:$AD,MATCH(J1,Mapa_RA_CE!$1:$1,0),FALSE)>0,$D89*VLOOKUP($B89,Mapa_RA_CE!$A:$AD,MATCH(J1,Mapa_RA_CE!$1:$1,0),FALSE),""),"") | K89: =IFERROR(IF(VLOOKUP($B89,Mapa_RA_CE!$A:$AD,MATCH(K1,Mapa_RA_CE!$1:$1,0),FALSE)>0,$D89*VLOOKUP($B89,Mapa_RA_CE!$A:$AD,MATCH(K1,Mapa_RA_CE!$1:$1,0),FALSE),""),"") | L89: =IFERROR(IF(VLOOKUP($B89,Mapa_RA_CE!$A:$AD,MATCH(L1,Mapa_RA_CE!$1:$1,0),FALSE)>0,$D89*VLOOKUP($B89,Mapa_RA_CE!$A:$AD,MATCH(L1,Mapa_RA_CE!$1:$1,0),FALSE),""),"") | M89: =IFERROR(IF(VLOOKUP($B89,Mapa_RA_CE!$A:$AD,MATCH(M1,Mapa_RA_CE!$1:$1,0),FALSE)>0,$D89*VLOOKUP($B89,Mapa_RA_CE!$A:$AD,MATCH(M1,Mapa_RA_CE!$1:$1,0),FALSE),""),"") | ... AC89: =IFERROR(IF(VLOOKUP($B89,Mapa_RA_CE!$A:$AD,MATCH(AC1,Mapa_RA_CE!$1:$1,0),FALSE)>0,$D89*VLOOKUP($B89,Mapa_RA_CE!$A:$AD,MATCH(AC1,Mapa_RA_CE!$1:$1,0),FALSE),""),"")
C90: =IFERROR(VLOOKUP($B90,Mapa_RA_CE!$A:$AD,2,FALSE),"") | F90: =IFERROR(IF(VLOOKUP($B90,Mapa_RA_CE!$A:$AD,MATCH(F1,Mapa_RA_CE!$1:$1,0),FALSE)>0,$D90*VLOOKUP($B90,Mapa_RA_CE!$A:$AD,MATCH(F1,Mapa_RA_CE!$1:$1,0),FALSE),""),"") | G90: =IFERROR(IF(VLOOKUP($B90,Mapa_RA_CE!$A:$AD,MATCH(G1,Mapa_RA_CE!$1:$1,0),FALSE)>0,$D90*VLOOKUP($B90,Mapa_RA_CE!$A:$AD,MATCH(G1,Mapa_RA_CE!$1:$1,0),FALSE),""),"") | H90: =IFERROR(IF(VLOOKUP($B90,Mapa_RA_CE!$A:$AD,MATCH(H1,Mapa_RA_CE!$1:$1,0),FALSE)>0,$D90*VLOOKUP($B90,Mapa_RA_CE!$A:$AD,MATCH(H1,Mapa_RA_CE!$1:$1,0),FALSE),""),"") | I90: =IFERROR(IF(VLOOKUP($B90,Mapa_RA_CE!$A:$AD,MATCH(I1,Mapa_RA_CE!$1:$1,0),FALSE)>0,$D90*VLOOKUP($B90,Mapa_RA_CE!$A:$AD,MATCH(I1,Mapa_RA_CE!$1:$1,0),FALSE),""),"") | J90: =IFERROR(IF(VLOOKUP($B90,Mapa_RA_CE!$A:$AD,MATCH(J1,Mapa_RA_CE!$1:$1,0),FALSE)>0,$D90*VLOOKUP($B90,Mapa_RA_CE!$A:$AD,MATCH(J1,Mapa_RA_CE!$1:$1,0),FALSE),""),"") | K90: =IFERROR(IF(VLOOKUP($B90,Mapa_RA_CE!$A:$AD,MATCH(K1,Mapa_RA_CE!$1:$1,0),FALSE)>0,$D90*VLOOKUP($B90,Mapa_RA_CE!$A:$AD,MATCH(K1,Mapa_RA_CE!$1:$1,0),FALSE),""),"") | L90: =IFERROR(IF(VLOOKUP($B90,Mapa_RA_CE!$A:$AD,MATCH(L1,Mapa_RA_CE!$1:$1,0),FALSE)>0,$D90*VLOOKUP($B90,Mapa_RA_CE!$A:$AD,MATCH(L1,Mapa_RA_CE!$1:$1,0),FALSE),""),"") | M90: =IFERROR(IF(VLOOKUP($B90,Mapa_RA_CE!$A:$AD,MATCH(M1,Mapa_RA_CE!$1:$1,0),FALSE)>0,$D90*VLOOKUP($B90,Mapa_RA_CE!$A:$AD,MATCH(M1,Mapa_RA_CE!$1:$1,0),FALSE),""),"") | ... AC90: =IFERROR(IF(VLOOKUP($B90,Mapa_RA_CE!$A:$AD,MATCH(AC1,Mapa_RA_CE!$1:$1,0),FALSE)>0,$D90*VLOOKUP($B90,Mapa_RA_CE!$A:$AD,MATCH(AC1,Mapa_RA_CE!$1:$1,0),FALSE),""),"")
C91: =IFERROR(VLOOKUP($B91,Mapa_RA_CE!$A:$AD,2,FALSE),"") | F91: =IFERROR(IF(VLOOKUP($B91,Mapa_RA_CE!$A:$AD,MATCH(F1,Mapa_RA_CE!$1:$1,0),FALSE)>0,$D91*VLOOKUP($B91,Mapa_RA_CE!$A:$AD,MATCH(F1,Mapa_RA_CE!$1:$1,0),FALSE),""),"") | G91: =IFERROR(IF(VLOOKUP($B91,Mapa_RA_CE!$A:$AD,MATCH(G1,Mapa_RA_CE!$1:$1,0),FALSE)>0,$D91*VLOOKUP($B91,Mapa_RA_CE!$A:$AD,MATCH(G1,Mapa_RA_CE!$1:$1,0),FALSE),""),"") | H91: =IFERROR(IF(VLOOKUP($B91,Mapa_RA_CE!$A:$AD,MATCH(H1,Mapa_RA_CE!$1:$1,0),FALSE)>0,$D91*VLOOKUP($B91,Mapa_RA_CE!$A:$AD,MATCH(H1,Mapa_RA_CE!$1:$1,0),FALSE),""),"") | I91: =IFERROR(IF(VLOOKUP($B91,Mapa_RA_CE!$A:$AD,MATCH(I1,Mapa_RA_CE!$1:$1,0),FALSE)>0,$D91*VLOOKUP($B91,Mapa_RA_CE!$A:$AD,MATCH(I1,Mapa_RA_CE!$1:$1,0),FALSE),""),"") | J91: =IFERROR(IF(VLOOKUP($B91,Mapa_RA_CE!$A:$AD,MATCH(J1,Mapa_RA_CE!$1:$1,0),FALSE)>0,$D91*VLOOKUP($B91,Mapa_RA_CE!$A:$AD,MATCH(J1,Mapa_RA_CE!$1:$1,0),FALSE),""),"") | K91: =IFERROR(IF(VLOOKUP($B91,Mapa_RA_CE!$A:$AD,MATCH(K1,Mapa_RA_CE!$1:$1,0),FALSE)>0,$D91*VLOOKUP($B91,Mapa_RA_CE!$A:$AD,MATCH(K1,Mapa_RA_CE!$1:$1,0),FALSE),""),"") | L91: =IFERROR(IF(VLOOKUP($B91,Mapa_RA_CE!$A:$AD,MATCH(L1,Mapa_RA_CE!$1:$1,0),FALSE)>0,$D91*VLOOKUP($B91,Mapa_RA_CE!$A:$AD,MATCH(L1,Mapa_RA_CE!$1:$1,0),FALSE),""),"") | M91: =IFERROR(IF(VLOOKUP($B91,Mapa_RA_CE!$A:$AD,MATCH(M1,Mapa_RA_CE!$1:$1,0),FALSE)>0,$D91*VLOOKUP($B91,Mapa_RA_CE!$A:$AD,MATCH(M1,Mapa_RA_CE!$1:$1,0),FALSE),""),"") | ... AC91: =IFERROR(IF(VLOOKUP($B91,Mapa_RA_CE!$A:$AD,MATCH(AC1,Mapa_RA_CE!$1:$1,0),FALSE)>0,$D91*VLOOKUP($B91,Mapa_RA_CE!$A:$AD,MATCH(AC1,Mapa_RA_CE!$1:$1,0),FALSE),""),"")
C92: =IFERROR(VLOOKUP($B92,Mapa_RA_CE!$A:$AD,2,FALSE),"") | F92: =IFERROR(IF(VLOOKUP($B92,Mapa_RA_CE!$A:$AD,MATCH(F1,Mapa_RA_CE!$1:$1,0),FALSE)>0,$D92*VLOOKUP($B92,Mapa_RA_CE!$A:$AD,MATCH(F1,Mapa_RA_CE!$1:$1,0),FALSE),""),"") | G92: =IFERROR(IF(VLOOKUP($B92,Mapa_RA_CE!$A:$AD,MATCH(G1,Mapa_RA_CE!$1:$1,0),FALSE)>0,$D92*VLOOKUP($B92,Mapa_RA_CE!$A:$AD,MATCH(G1,Mapa_RA_CE!$1:$1,0),FALSE),""),"") | H92: =IFERROR(IF(VLOOKUP($B92,Mapa_RA_CE!$A:$AD,MATCH(H1,Mapa_RA_CE!$1:$1,0),FALSE)>0,$D92*VLOOKUP($B92,Mapa_RA_CE!$A:$AD,MATCH(H1,Mapa_RA_CE!$1:$1,0),FALSE),""),"") | I92: =IFERROR(IF(VLOOKUP($B92,Mapa_RA_CE!$A:$AD,MATCH(I1,Mapa_RA_CE!$1:$1,0),FALSE)>0,$D92*VLOOKUP($B92,Mapa_RA_CE!$A:$AD,MATCH(I1,Mapa_RA_CE!$1:$1,0),FALSE),""),"") | J92: =IFERROR(IF(VLOOKUP($B92,Mapa_RA_CE!$A:$AD,MATCH(J1,Mapa_RA_CE!$1:$1,0),FALSE)>0,$D92*VLOOKUP($B92,Mapa_RA_CE!$A:$AD,MATCH(J1,Mapa_RA_CE!$1:$1,0),FALSE),""),"") | K92: =IFERROR(IF(VLOOKUP($B92,Mapa_RA_CE!$A:$AD,MATCH(K1,Mapa_RA_CE!$1:$1,0),FALSE)>0,$D92*VLOOKUP($B92,Mapa_RA_CE!$A:$AD,MATCH(K1,Mapa_RA_CE!$1:$1,0),FALSE),""),"") | L92: =IFERROR(IF(VLOOKUP($B92,Mapa_RA_CE!$A:$AD,MATCH(L1,Mapa_RA_CE!$1:$1,0),FALSE)>0,$D92*VLOOKUP($B92,Mapa_RA_CE!$A:$AD,MATCH(L1,Mapa_RA_CE!$1:$1,0),FALSE),""),"") | M92: =IFERROR(IF(VLOOKUP($B92,Mapa_RA_CE!$A:$AD,MATCH(M1,Mapa_RA_CE!$1:$1,0),FALSE)>0,$D92*VLOOKUP($B92,Mapa_RA_CE!$A:$AD,MATCH(M1,Mapa_RA_CE!$1:$1,0),FALSE),""),"") | ... AC92: =IFERROR(IF(VLOOKUP($B92,Mapa_RA_CE!$A:$AD,MATCH(AC1,Mapa_RA_CE!$1:$1,0),FALSE)>0,$D92*VLOOKUP($B92,Mapa_RA_CE!$A:$AD,MATCH(AC1,Mapa_RA_CE!$1:$1,0),FALSE),""),"")
C93: =IFERROR(VLOOKUP($B93,Mapa_RA_CE!$A:$AD,2,FALSE),"") | F93: =IFERROR(IF(VLOOKUP($B93,Mapa_RA_CE!$A:$AD,MATCH(F1,Mapa_RA_CE!$1:$1,0),FALSE)>0,$D93*VLOOKUP($B93,Mapa_RA_CE!$A:$AD,MATCH(F1,Mapa_RA_CE!$1:$1,0),FALSE),""),"") | G93: =IFERROR(IF(VLOOKUP($B93,Mapa_RA_CE!$A:$AD,MATCH(G1,Mapa_RA_CE!$1:$1,0),FALSE)>0,$D93*VLOOKUP($B93,Mapa_RA_CE!$A:$AD,MATCH(G1,Mapa_RA_CE!$1:$1,0),FALSE),""),"") | H93: =IFERROR(IF(VLOOKUP($B93,Mapa_RA_CE!$A:$AD,MATCH(H1,Mapa_RA_CE!$1:$1,0),FALSE)>0,$D93*VLOOKUP($B93,Mapa_RA_CE!$A:$AD,MATCH(H1,Mapa_RA_CE!$1:$1,0),FALSE),""),"") | I93: =IFERROR(IF(VLOOKUP($B93,Mapa_RA_CE!$A:$AD,MATCH(I1,Mapa_RA_CE!$1:$1,0),FALSE)>0,$D93*VLOOKUP($B93,Mapa_RA_CE!$A:$AD,MATCH(I1,Mapa_RA_CE!$1:$1,0),FALSE),""),"") | J93: =IFERROR(IF(VLOOKUP($B93,Mapa_RA_CE!$A:$AD,MATCH(J1,Mapa_RA_CE!$1:$1,0),FALSE)>0,$D93*VLOOKUP($B93,Mapa_RA_CE!$A:$AD,MATCH(J1,Mapa_RA_CE!$1:$1,0),FALSE),""),"") | K93: =IFERROR(IF(VLOOKUP($B93,Mapa_RA_CE!$A:$AD,MATCH(K1,Mapa_RA_CE!$1:$1,0),FALSE)>0,$D93*VLOOKUP($B93,Mapa_RA_CE!$A:$AD,MATCH(K1,Mapa_RA_CE!$1:$1,0),FALSE),""),"") | L93: =IFERROR(IF(VLOOKUP($B93,Mapa_RA_CE!$A:$AD,MATCH(L1,Mapa_RA_CE!$1:$1,0),FALSE)>0,$D93*VLOOKUP($B93,Mapa_RA_CE!$A:$AD,MATCH(L1,Mapa_RA_CE!$1:$1,0),FALSE),""),"") | M93: =IFERROR(IF(VLOOKUP($B93,Mapa_RA_CE!$A:$AD,MATCH(M1,Mapa_RA_CE!$1:$1,0),FALSE)>0,$D93*VLOOKUP($B93,Mapa_RA_CE!$A:$AD,MATCH(M1,Mapa_RA_CE!$1:$1,0),FALSE),""),"") | ... AC93: =IFERROR(IF(VLOOKUP($B93,Mapa_RA_CE!$A:$AD,MATCH(AC1,Mapa_RA_CE!$1:$1,0),FALSE)>0,$D93*VLOOKUP($B93,Mapa_RA_CE!$A:$AD,MATCH(AC1,Mapa_RA_CE!$1:$1,0),FALSE),""),"")
C94: =IFERROR(VLOOKUP($B94,Mapa_RA_CE!$A:$AD,2,FALSE),"") | F94: =IFERROR(IF(VLOOKUP($B94,Mapa_RA_CE!$A:$AD,MATCH(F1,Mapa_RA_CE!$1:$1,0),FALSE)>0,$D94*VLOOKUP($B94,Mapa_RA_CE!$A:$AD,MATCH(F1,Mapa_RA_CE!$1:$1,0),FALSE),""),"") | G94: =IFERROR(IF(VLOOKUP($B94,Mapa_RA_CE!$A:$AD,MATCH(G1,Mapa_RA_CE!$1:$1,0),FALSE)>0,$D94*VLOOKUP($B94,Mapa_RA_CE!$A:$AD,MATCH(G1,Mapa_RA_CE!$1:$1,0),FALSE),""),"") | H94: =IFERROR(IF(VLOOKUP($B94,Mapa_RA_CE!$A:$AD,MATCH(H1,Mapa_RA_CE!$1:$1,0),FALSE)>0,$D94*VLOOKUP($B94,Mapa_RA_CE!$A:$AD,MATCH(H1,Mapa_RA_CE!$1:$1,0),FALSE),""),"") | I94: =IFERROR(IF(VLOOKUP($B94,Mapa_RA_CE!$A:$AD,MATCH(I1,Mapa_RA_CE!$1:$1,0),FALSE)>0,$D94*VLOOKUP($B94,Mapa_RA_CE!$A:$AD,MATCH(I1,Mapa_RA_CE!$1:$1,0),FALSE),""),"") | J94: =IFERROR(IF(VLOOKUP($B94,Mapa_RA_CE!$A:$AD,MATCH(J1,Mapa_RA_CE!$1:$1,0),FALSE)>0,$D94*VLOOKUP($B94,Mapa_RA_CE!$A:$AD,MATCH(J1,Mapa_RA_CE!$1:$1,0),FALSE),""),"") | K94: =IFERROR(IF(VLOOKUP($B94,Mapa_RA_CE!$A:$AD,MATCH(K1,Mapa_RA_CE!$1:$1,0),FALSE)>0,$D94*VLOOKUP($B94,Mapa_RA_CE!$A:$AD,MATCH(K1,Mapa_RA_CE!$1:$1,0),FALSE),""),"") | L94: =IFERROR(IF(VLOOKUP($B94,Mapa_RA_CE!$A:$AD,MATCH(L1,Mapa_RA_CE!$1:$1,0),FALSE)>0,$D94*VLOOKUP($B94,Mapa_RA_CE!$A:$AD,MATCH(L1,Mapa_RA_CE!$1:$1,0),FALSE),""),"") | M94: =IFERROR(IF(VLOOKUP($B94,Mapa_RA_CE!$A:$AD,MATCH(M1,Mapa_RA_CE!$1:$1,0),FALSE)>0,$D94*VLOOKUP($B94,Mapa_RA_CE!$A:$AD,MATCH(M1,Mapa_RA_CE!$1:$1,0),FALSE),""),"") | ... AC94: =IFERROR(IF(VLOOKUP($B94,Mapa_RA_CE!$A:$AD,MATCH(AC1,Mapa_RA_CE!$1:$1,0),FALSE)>0,$D94*VLOOKUP($B94,Mapa_RA_CE!$A:$AD,MATCH(AC1,Mapa_RA_CE!$1:$1,0),FALSE),""),"")
C95: =IFERROR(VLOOKUP($B95,Mapa_RA_CE!$A:$AD,2,FALSE),"") | F95: =IFERROR(IF(VLOOKUP($B95,Mapa_RA_CE!$A:$AD,MATCH(F1,Mapa_RA_CE!$1:$1,0),FALSE)>0,$D95*VLOOKUP($B95,Mapa_RA_CE!$A:$AD,MATCH(F1,Mapa_RA_CE!$1:$1,0),FALSE),""),"") | G95: =IFERROR(IF(VLOOKUP($B95,Mapa_RA_CE!$A:$AD,MATCH(G1,Mapa_RA_CE!$1:$1,0),FALSE)>0,$D95*VLOOKUP($B95,Mapa_RA_CE!$A:$AD,MATCH(G1,Mapa_RA_CE!$1:$1,0),FALSE),""),"") | H95: =IFERROR(IF(VLOOKUP($B95,Mapa_RA_CE!$A:$AD,MATCH(H1,Mapa_RA_CE!$1:$1,0),FALSE)>0,$D95*VLOOKUP($B95,Mapa_RA_CE!$A:$AD,MATCH(H1,Mapa_RA_CE!$1:$1,0),FALSE),""),"") | I95: =IFERROR(IF(VLOOKUP($B95,Mapa_RA_CE!$A:$AD,MATCH(I1,Mapa_RA_CE!$1:$1,0),FALSE)>0,$D95*VLOOKUP($B95,Mapa_RA_CE!$A:$AD,MATCH(I1,Mapa_RA_CE!$1:$1,0),FALSE),""),"") | J95: =IFERROR(IF(VLOOKUP($B95,Mapa_RA_CE!$A:$AD,MATCH(J1,Mapa_RA_CE!$1:$1,0),FALSE)>0,$D95*VLOOKUP($B95,Mapa_RA_CE!$A:$AD,MATCH(J1,Mapa_RA_CE!$1:$1,0),FALSE),""),"") | K95: =IFERROR(IF(VLOOKUP($B95,Mapa_RA_CE!$A:$AD,MATCH(K1,Mapa_RA_CE!$1:$1,0),FALSE)>0,$D95*VLOOKUP($B95,Mapa_RA_CE!$A:$AD,MATCH(K1,Mapa_RA_CE!$1:$1,0),FALSE),""),"") | L95: =IFERROR(IF(VLOOKUP($B95,Mapa_RA_CE!$A:$AD,MATCH(L1,Mapa_RA_CE!$1:$1,0),FALSE)>0,$D95*VLOOKUP($B95,Mapa_RA_CE!$A:$AD,MATCH(L1,Mapa_RA_CE!$1:$1,0),FALSE),""),"") | M95: =IFERROR(IF(VLOOKUP($B95,Mapa_RA_CE!$A:$AD,MATCH(M1,Mapa_RA_CE!$1:$1,0),FALSE)>0,$D95*VLOOKUP($B95,Mapa_RA_CE!$A:$AD,MATCH(M1,Mapa_RA_CE!$1:$1,0),FALSE),""),"") | ... AC95: =IFERROR(IF(VLOOKUP($B95,Mapa_RA_CE!$A:$AD,MATCH(AC1,Mapa_RA_CE!$1:$1,0),FALSE)>0,$D95*VLOOKUP($B95,Mapa_RA_CE!$A:$AD,MATCH(AC1,Mapa_RA_CE!$1:$1,0),FALSE),""),"")
C96: =IFERROR(VLOOKUP($B96,Mapa_RA_CE!$A:$AD,2,FALSE),"") | F96: =IFERROR(IF(VLOOKUP($B96,Mapa_RA_CE!$A:$AD,MATCH(F1,Mapa_RA_CE!$1:$1,0),FALSE)>0,$D96*VLOOKUP($B96,Mapa_RA_CE!$A:$AD,MATCH(F1,Mapa_RA_CE!$1:$1,0),FALSE),""),"") | G96: =IFERROR(IF(VLOOKUP($B96,Mapa_RA_CE!$A:$AD,MATCH(G1,Mapa_RA_CE!$1:$1,0),FALSE)>0,$D96*VLOOKUP($B96,Mapa_RA_CE!$A:$AD,MATCH(G1,Mapa_RA_CE!$1:$1,0),FALSE),""),"") | H96: =IFERROR(IF(VLOOKUP($B96,Mapa_RA_CE!$A:$AD,MATCH(H1,Mapa_RA_CE!$1:$1,0),FALSE)>0,$D96*VLOOKUP($B96,Mapa_RA_CE!$A:$AD,MATCH(H1,Mapa_RA_CE!$1:$1,0),FALSE),""),"") | I96: =IFERROR(IF(VLOOKUP($B96,Mapa_RA_CE!$A:$AD,MATCH(I1,Mapa_RA_CE!$1:$1,0),FALSE)>0,$D96*VLOOKUP($B96,Mapa_RA_CE!$A:$AD,MATCH(I1,Mapa_RA_CE!$1:$1,0),FALSE),""),"") | J96: =IFERROR(IF(VLOOKUP($B96,Mapa_RA_CE!$A:$AD,MATCH(J1,Mapa_RA_CE!$1:$1,0),FALSE)>0,$D96*VLOOKUP($B96,Mapa_RA_CE!$A:$AD,MATCH(J1,Mapa_RA_CE!$1:$1,0),FALSE),""),"") | K96: =IFERROR(IF(VLOOKUP($B96,Mapa_RA_CE!$A:$AD,MATCH(K1,Mapa_RA_CE!$1:$1,0),FALSE)>0,$D96*VLOOKUP($B96,Mapa_RA_CE!$A:$AD,MATCH(K1,Mapa_RA_CE!$1:$1,0),FALSE),""),"") | L96: =IFERROR(IF(VLOOKUP($B96,Mapa_RA_CE!$A:$AD,MATCH(L1,Mapa_RA_CE!$1:$1,0),FALSE)>0,$D96*VLOOKUP($B96,Mapa_RA_CE!$A:$AD,MATCH(L1,Mapa_RA_CE!$1:$1,0),FALSE),""),"") | M96: =IFERROR(IF(VLOOKUP($B96,Mapa_RA_CE!$A:$AD,MATCH(M1,Mapa_RA_CE!$1:$1,0),FALSE)>0,$D96*VLOOKUP($B96,Mapa_RA_CE!$A:$AD,MATCH(M1,Mapa_RA_CE!$1:$1,0),FALSE),""),"") | ... AC96: =IFERROR(IF(VLOOKUP($B96,Mapa_RA_CE!$A:$AD,MATCH(AC1,Mapa_RA_CE!$1:$1,0),FALSE)>0,$D96*VLOOKUP($B96,Mapa_RA_CE!$A:$AD,MATCH(AC1,Mapa_RA_CE!$1:$1,0),FALSE),""),"")
C97: =IFERROR(VLOOKUP($B97,Mapa_RA_CE!$A:$AD,2,FALSE),"") | F97: =IFERROR(IF(VLOOKUP($B97,Mapa_RA_CE!$A:$AD,MATCH(F1,Mapa_RA_CE!$1:$1,0),FALSE)>0,$D97*VLOOKUP($B97,Mapa_RA_CE!$A:$AD,MATCH(F1,Mapa_RA_CE!$1:$1,0),FALSE),""),"") | G97: =IFERROR(IF(VLOOKUP($B97,Mapa_RA_CE!$A:$AD,MATCH(G1,Mapa_RA_CE!$1:$1,0),FALSE)>0,$D97*VLOOKUP($B97,Mapa_RA_CE!$A:$AD,MATCH(G1,Mapa_RA_CE!$1:$1,0),FALSE),""),"") | H97: =IFERROR(IF(VLOOKUP($B97,Mapa_RA_CE!$A:$AD,MATCH(H1,Mapa_RA_CE!$1:$1,0),FALSE)>0,$D97*VLOOKUP($B97,Mapa_RA_CE!$A:$AD,MATCH(H1,Mapa_RA_CE!$1:$1,0),FALSE),""),"") | I97: =IFERROR(IF(VLOOKUP($B97,Mapa_RA_CE!$A:$AD,MATCH(I1,Mapa_RA_CE!$1:$1,0),FALSE)>0,$D97*VLOOKUP($B97,Mapa_RA_CE!$A:$AD,MATCH(I1,Mapa_RA_CE!$1:$1,0),FALSE),""),"") | J97: =IFERROR(IF(VLOOKUP($B97,Mapa_RA_CE!$A:$AD,MATCH(J1,Mapa_RA_CE!$1:$1,0),FALSE)>0,$D97*VLOOKUP($B97,Mapa_RA_CE!$A:$AD,MATCH(J1,Mapa_RA_CE!$1:$1,0),FALSE),""),"") | K97: =IFERROR(IF(VLOOKUP($B97,Mapa_RA_CE!$A:$AD,MATCH(K1,Mapa_RA_CE!$1:$1,0),FALSE)>0,$D97*VLOOKUP($B97,Mapa_RA_CE!$A:$AD,MATCH(K1,Mapa_RA_CE!$1:$1,0),FALSE),""),"") | L97: =IFERROR(IF(VLOOKUP($B97,Mapa_RA_CE!$A:$AD,MATCH(L1,Mapa_RA_CE!$1:$1,0),FALSE)>0,$D97*VLOOKUP($B97,Mapa_RA_CE!$A:$AD,MATCH(L1,Mapa_RA_CE!$1:$1,0),FALSE),""),"") | M97: =IFERROR(IF(VLOOKUP($B97,Mapa_RA_CE!$A:$AD,MATCH(M1,Mapa_RA_CE!$1:$1,0),FALSE)>0,$D97*VLOOKUP($B97,Mapa_RA_CE!$A:$AD,MATCH(M1,Mapa_RA_CE!$1:$1,0),FALSE),""),"") | ... AC97: =IFERROR(IF(VLOOKUP($B97,Mapa_RA_CE!$A:$AD,MATCH(AC1,Mapa_RA_CE!$1:$1,0),FALSE)>0,$D97*VLOOKUP($B97,Mapa_RA_CE!$A:$AD,MATCH(AC1,Mapa_RA_CE!$1:$1,0),FALSE),""),"")
C98: =IFERROR(VLOOKUP($B98,Mapa_RA_CE!$A:$AD,2,FALSE),"") | F98: =IFERROR(IF(VLOOKUP($B98,Mapa_RA_CE!$A:$AD,MATCH(F1,Mapa_RA_CE!$1:$1,0),FALSE)>0,$D98*VLOOKUP($B98,Mapa_RA_CE!$A:$AD,MATCH(F1,Mapa_RA_CE!$1:$1,0),FALSE),""),"") | G98: =IFERROR(IF(VLOOKUP($B98,Mapa_RA_CE!$A:$AD,MATCH(G1,Mapa_RA_CE!$1:$1,0),FALSE)>0,$D98*VLOOKUP($B98,Mapa_RA_CE!$A:$AD,MATCH(G1,Mapa_RA_CE!$1:$1,0),FALSE),""),"") | H98: =IFERROR(IF(VLOOKUP($B98,Mapa_RA_CE!$A:$AD,MATCH(H1,Mapa_RA_CE!$1:$1,0),FALSE)>0,$D98*VLOOKUP($B98,Mapa_RA_CE!$A:$AD,MATCH(H1,Mapa_RA_CE!$1:$1,0),FALSE),""),"") | I98: =IFERROR(IF(VLOOKUP($B98,Mapa_RA_CE!$A:$AD,MATCH(I1,Mapa_RA_CE!$1:$1,0),FALSE)>0,$D98*VLOOKUP($B98,Mapa_RA_CE!$A:$AD,MATCH(I1,Mapa_RA_CE!$1:$1,0),FALSE),""),"") | J98: =IFERROR(IF(VLOOKUP($B98,Mapa_RA_CE!$A:$AD,MATCH(J1,Mapa_RA_CE!$1:$1,0),FALSE)>0,$D98*VLOOKUP($B98,Mapa_RA_CE!$A:$AD,MATCH(J1,Mapa_RA_CE!$1:$1,0),FALSE),""),"") | K98: =IFERROR(IF(VLOOKUP($B98,Mapa_RA_CE!$A:$AD,MATCH(K1,Mapa_RA_CE!$1:$1,0),FALSE)>0,$D98*VLOOKUP($B98,Mapa_RA_CE!$A:$AD,MATCH(K1,Mapa_RA_CE!$1:$1,0),FALSE),""),"") | L98: =IFERROR(IF(VLOOKUP($B98,Mapa_RA_CE!$A:$AD,MATCH(L1,Mapa_RA_CE!$1:$1,0),FALSE)>0,$D98*VLOOKUP($B98,Mapa_RA_CE!$A:$AD,MATCH(L1,Mapa_RA_CE!$1:$1,0),FALSE),""),"") | M98: =IFERROR(IF(VLOOKUP($B98,Mapa_RA_CE!$A:$AD,MATCH(M1,Mapa_RA_CE!$1:$1,0),FALSE)>0,$D98*VLOOKUP($B98,Mapa_RA_CE!$A:$AD,MATCH(M1,Mapa_RA_CE!$1:$1,0),FALSE),""),"") | ... AC98: =IFERROR(IF(VLOOKUP($B98,Mapa_RA_CE!$A:$AD,MATCH(AC1,Mapa_RA_CE!$1:$1,0),FALSE)>0,$D98*VLOOKUP($B98,Mapa_RA_CE!$A:$AD,MATCH(AC1,Mapa_RA_CE!$1:$1,0),FALSE),""),"")
C99: =IFERROR(VLOOKUP($B99,Mapa_RA_CE!$A:$AD,2,FALSE),"") | F99: =IFERROR(IF(VLOOKUP($B99,Mapa_RA_CE!$A:$AD,MATCH(F1,Mapa_RA_CE!$1:$1,0),FALSE)>0,$D99*VLOOKUP($B99,Mapa_RA_CE!$A:$AD,MATCH(F1,Mapa_RA_CE!$1:$1,0),FALSE),""),"") | G99: =IFERROR(IF(VLOOKUP($B99,Mapa_RA_CE!$A:$AD,MATCH(G1,Mapa_RA_CE!$1:$1,0),FALSE)>0,$D99*VLOOKUP($B99,Mapa_RA_CE!$A:$AD,MATCH(G1,Mapa_RA_CE!$1:$1,0),FALSE),""),"") | H99: =IFERROR(IF(VLOOKUP($B99,Mapa_RA_CE!$A:$AD,MATCH(H1,Mapa_RA_CE!$1:$1,0),FALSE)>0,$D99*VLOOKUP($B99,Mapa_RA_CE!$A:$AD,MATCH(H1,Mapa_RA_CE!$1:$1,0),FALSE),""),"") | I99: =IFERROR(IF(VLOOKUP($B99,Mapa_RA_CE!$A:$AD,MATCH(I1,Mapa_RA_CE!$1:$1,0),FALSE)>0,$D99*VLOOKUP($B99,Mapa_RA_CE!$A:$AD,MATCH(I1,Mapa_RA_CE!$1:$1,0),FALSE),""),"") | J99: =IFERROR(IF(VLOOKUP($B99,Mapa_RA_CE!$A:$AD,MATCH(J1,Mapa_RA_CE!$1:$1,0),FALSE)>0,$D99*VLOOKUP($B99,Mapa_RA_CE!$A:$AD,MATCH(J1,Mapa_RA_CE!$1:$1,0),FALSE),""),"") | K99: =IFERROR(IF(VLOOKUP($B99,Mapa_RA_CE!$A:$AD,MATCH(K1,Mapa_RA_CE!$1:$1,0),FALSE)>0,$D99*VLOOKUP($B99,Mapa_RA_CE!$A:$AD,MATCH(K1,Mapa_RA_CE!$1:$1,0),FALSE),""),"") | L99: =IFERROR(IF(VLOOKUP($B99,Mapa_RA_CE!$A:$AD,MATCH(L1,Mapa_RA_CE!$1:$1,0),FALSE)>0,$D99*VLOOKUP($B99,Mapa_RA_CE!$A:$AD,MATCH(L1,Mapa_RA_CE!$1:$1,0),FALSE),""),"") | M99: =IFERROR(IF(VLOOKUP($B99,Mapa_RA_CE!$A:$AD,MATCH(M1,Mapa_RA_CE!$1:$1,0),FALSE)>0,$D99*VLOOKUP($B99,Mapa_RA_CE!$A:$AD,MATCH(M1,Mapa_RA_CE!$1:$1,0),FALSE),""),"") | ... AC99: =IFERROR(IF(VLOOKUP($B99,Mapa_RA_CE!$A:$AD,MATCH(AC1,Mapa_RA_CE!$1:$1,0),FALSE)>0,$D99*VLOOKUP($B99,Mapa_RA_CE!$A:$AD,MATCH(AC1,Mapa_RA_CE!$1:$1,0),FALSE),""),"")
C100: =IFERROR(VLOOKUP($B100,Mapa_RA_CE!$A:$AD,2,FALSE),"") | F100: =IFERROR(IF(VLOOKUP($B100,Mapa_RA_CE!$A:$AD,MATCH(F1,Mapa_RA_CE!$1:$1,0),FALSE)>0,$D100*VLOOKUP($B100,Mapa_RA_CE!$A:$AD,MATCH(F1,Mapa_RA_CE!$1:$1,0),FALSE),""),"") | G100: =IFERROR(IF(VLOOKUP($B100,Mapa_RA_CE!$A:$AD,MATCH(G1,Mapa_RA_CE!$1:$1,0),FALSE)>0,$D100*VLOOKUP($B100,Mapa_RA_CE!$A:$AD,MATCH(G1,Mapa_RA_CE!$1:$1,0),FALSE),""),"") | H100: =IFERROR(IF(VLOOKUP($B100,Mapa_RA_CE!$A:$AD,MATCH(H1,Mapa_RA_CE!$1:$1,0),FALSE)>0,$D100*VLOOKUP($B100,Mapa_RA_CE!$A:$AD,MATCH(H1,Mapa_RA_CE!$1:$1,0),FALSE),""),"") | I100: =IFERROR(IF(VLOOKUP($B100,Mapa_RA_CE!$A:$AD,MATCH(I1,Mapa_RA_CE!$1:$1,0),FALSE)>0,$D100*VLOOKUP($B100,Mapa_RA_CE!$A:$AD,MATCH(I1,Mapa_RA_CE!$1:$1,0),FALSE),""),"") | J100: =IFERROR(IF(VLOOKUP($B100,Mapa_RA_CE!$A:$AD,MATCH(J1,Mapa_RA_CE!$1:$1,0),FALSE)>0,$D100*VLOOKUP($B100,Mapa_RA_CE!$A:$AD,MATCH(J1,Mapa_RA_CE!$1:$1,0),FALSE),""),"") | K100: =IFERROR(IF(VLOOKUP($B100,Mapa_RA_CE!$A:$AD,MATCH(K1,Mapa_RA_CE!$1:$1,0),FALSE)>0,$D100*VLOOKUP($B100,Mapa_RA_CE!$A:$AD,MATCH(K1,Mapa_RA_CE!$1:$1,0),FALSE),""),"") | L100: =IFERROR(IF(VLOOKUP($B100,Mapa_RA_CE!$A:$AD,MATCH(L1,Mapa_RA_CE!$1:$1,0),FALSE)>0,$D100*VLOOKUP($B100,Mapa_RA_CE!$A:$AD,MATCH(L1,Mapa_RA_CE!$1:$1,0),FALSE),""),"") | M100: =IFERROR(IF(VLOOKUP($B100,Mapa_RA_CE!$A:$AD,MATCH(M1,Mapa_RA_CE!$1:$1,0),FALSE)>0,$D100*VLOOKUP($B100,Mapa_RA_CE!$A:$AD,MATCH(M1,Mapa_RA_CE!$1:$1,0),FALSE),""),"") | ... AC100: =IFERROR(IF(VLOOKUP($B100,Mapa_RA_CE!$A:$AD,MATCH(AC1,Mapa_RA_CE!$1:$1,0),FALSE)>0,$D100*VLOOKUP($B100,Mapa_RA_CE!$A:$AD,MATCH(AC1,Mapa_RA_CE!$1:$1,0),FALSE),""),"")
...

Sheet Resumen_RA_CE
A1: Alumno | B1: RA1 | C1: RA1.a | D1: RA1.b | E1: RA1.c | F1: RA1.d | G1: RA1.e | H1: RA1.f | I1: RA2 | J1: RA2.a | K1: RA2.b | L1: RA2.c | M1: RA2.d | N1: RA2.e | O1: RA3 | P1: RA3.a | Q1: RA3.b | R1: RA3.c | S1: RA3.d | T1: RA3.e | U1: RA4 | V1: RA4.a | W1: RA4.b | X1: RA4.c | Y1: RA4.d
B2: =IF($A2="","",AVERAGEIF(Calificaciones!$A:$A,$A2,Calificaciones!$F:$F)) | C2: =IF($A2="","",AVERAGEIF(Calificaciones!$A:$A,$A2,Calificaciones!$G:$G)) | D2: =IF($A2="","",AVERAGEIF(Calificaciones!$A:$A,$A2,Calificaciones!$H:$H)) | E2: =IF($A2="","",AVERAGEIF(Calificaciones!$A:$A,$A2,Calificaciones!$I:$I)) | F2: =IF($A2="","",AVERAGEIF(Calificaciones!$A:$A,$A2,Calificaciones!$J:$J)) | G2: =IF($A2="","",AVERAGEIF(Calificaciones!$A:$A,$A2,Calificaciones!$K:$K)) | H2: =IF($A2="","",AVERAGEIF(Calificaciones!$A:$A,$A2,Calificaciones!$L:$L)) | I2: =IF($A2="","",AVERAGEIF(Calificaciones!$A:$A,$A2,Calificaciones!$M:$M)) | J2: =IF($A2="","",AVERAGEIF(Calificaciones!$A:$A,$A2,Calificaciones!$N:$N)) | K2: =IF($A2="","",AVERAGEIF(Calificaciones!$A:$A,$A2,Calificaciones!$O:$O)) | L2: =IF($A2="","",AVERAGEIF(Calificaciones!$A:$A,$A2,Calificaciones!$P:$P)) | M2: =IF($A2="","",AVERAGEIF(Calificaciones!$A:$A,$A2,Calificaciones!$Q:$Q)) | N2: =IF($A2="","",AVERAGEIF(Calificaciones!$A:$A,$A2,Calificaciones!$R:$R)) | O2: =IF($A2="","",AVERAGEIF(Calificaciones!$A:$A,$A2,Calificaciones!$S:$S)) | P2: =IF($A2="","",AVERAGEIF(Calificaciones!$A:$A,$A2,Calificaciones!$T:$T)) | Q2: =IF($A2="","",AVERAGEIF(Calificaciones!$A:$A,$A2,Calificaciones!$U:$U)) | R2: =IF($A2="","",AVERAGEIF(Calificaciones!$A:$A,$A2,Calificaciones!$V:$V)) | S2: =IF($A2="","",AVERAGEIF(Calificaciones!$A:$A,$A2,Calificaciones!$W:$W)) | T2: =IF($A2="","",AVERAGEIF(Calificaciones!$A:$A,$A2,Calificaciones!$X:$X)) | U2: =IF($A2="","",AVERAGEIF(Calificaciones!$A:$A,$A2,Calificaciones!$Y:$Y)) | V2: =IF($A2="","",AVERAGEIF(Calificaciones!$A:$A,$A2,Calificaciones!$Z:$Z)) | W2: =IF($A2="","",AVERAGEIF(Calificaciones!$A:$A,$A2,Calificaciones!$AA:$AA)) | X2: =IF($A2="","",AVERAGEIF(Calificaciones!$A:$A,$A2,Calificaciones!$AB:$AB)) | Y2: =IF($A2="","",AVERAGEIF(Calificaciones!$A:$A,$A2,Calificaciones!$AC:$AC))
B3: =IF($A3="","",AVERAGEIF(Calificaciones!$A:$A,$A3,Calificaciones!$F:$F)) | C3: =IF($A3="","",AVERAGEIF(Calificaciones!$A:$A,$A3,Calificaciones!$G:$G)) | D3: =IF($A3="","",AVERAGEIF(Calificaciones!$A:$A,$A3,Calificaciones!$H:$H)) | E3: =IF($A3="","",AVERAGEIF(Calificaciones!$A:$A,$A3,Calificaciones!$I:$I)) | F3: =IF($A3="","",AVERAGEIF(Calificaciones!$A:$A,$A3,Calificaciones!$J:$J)) | G3: =IF($A3="","",AVERAGEIF(Calificaciones!$A:$A,$A3,Calificaciones!$K:$K)) | H3: =IF($A3="","",AVERAGEIF(Calificaciones!$A:$A,$A3,Calificaciones!$L:$L)) | I3: =IF($A3="","",AVERAGEIF(Calificaciones!$A:$A,$A3,Calificaciones!$M:$M)) | J3: =IF($A3="","",AVERAGEIF(Calificaciones!$A:$A,$A3,Calificaciones!$N:$N)) | K3: =IF($A3="","",AVERAGEIF(Calificaciones!$A:$A,$A3,Calificaciones!$O:$O)) | L3: =IF($A3="","",AVERAGEIF(Calificaciones!$A:$A,$A3,Calificaciones!$P:$P)) | M3: =IF($A3="","",AVERAGEIF(Calificaciones!$A:$A,$A3,Calificaciones!$Q:$Q)) | N3: =IF($A3="","",AVERAGEIF(Calificaciones!$A:$A,$A3,Calificaciones!$R:$R)) | O3: =IF($A3="","",AVERAGEIF(Calificaciones!$A:$A,$A3,Calificaciones!$S:$S)) | P3: =IF($A3="","",AVERAGEIF(Calificaciones!$A:$A,$A3,Calificaciones!$T:$T)) | Q3: =IF($A3="","",AVERAGEIF(Calificaciones!$A:$A,$A3,Calificaciones!$U:$U)) | R3: =IF($A3="","",AVERAGEIF(Calificaciones!$A:$A,$A3,Calificaciones!$V:$V)) | S3: =IF($A3="","",AVERAGEIF(Calificaciones!$A:$A,$A3,Calificaciones!$W:$W)) | T3: =IF($A3="","",AVERAGEIF(Calificaciones!$A:$A,$A3,Calificaciones!$X:$X)) | U3: =IF($A3="","",AVERAGEIF(Calificaciones!$A:$A,$A3,Calificaciones!$Y:$Y)) | V3: =IF($A3="","",AVERAGEIF(Calificaciones!$A:$A,$A3,Calificaciones!$Z:$Z)) | W3: =IF($A3="","",AVERAGEIF(Calificaciones!$A:$A,$A3,Calificaciones!$AA:$AA)) | X3: =IF($A3="","",AVERAGEIF(Calificaciones!$A:$A,$A3,Calificaciones!$AB:$AB)) | Y3: =IF($A3="","",AVERAGEIF(Calificaciones!$A:$A,$A3,Calificaciones!$AC:$AC))
B4: =IF($A4="","",AVERAGEIF(Calificaciones!$A:$A,$A4,Calificaciones!$F:$F)) | C4: =IF($A4="","",AVERAGEIF(Calificaciones!$A:$A,$A4,Calificaciones!$G:$G)) | D4: =IF($A4="","",AVERAGEIF(Calificaciones!$A:$A,$A4,Calificaciones!$H:$H)) | E4: =IF($A4="","",AVERAGEIF(Calificaciones!$A:$A,$A4,Calificaciones!$I:$I)) | F4: =IF($A4="","",AVERAGEIF(Calificaciones!$A:$A,$A4,Calificaciones!$J:$J)) | G4: =IF($A4="","",AVERAGEIF(Calificaciones!$A:$A,$A4,Calificaciones!$K:$K)) | H4: =IF($A4="","",AVERAGEIF(Calificaciones!$A:$A,$A4,Calificaciones!$L:$L)) | I4: =IF($A4="","",AVERAGEIF(Calificaciones!$A:$A,$A4,Calificaciones!$M:$M)) | J4: =IF($A4="","",AVERAGEIF(Calificaciones!$A:$A,$A4,Calificaciones!$N:$N)) | K4: =IF($A4="","",AVERAGEIF(Calificaciones!$A:$A,$A4,Calificaciones!$O:$O)) | L4: =IF($A4="","",AVERAGEIF(Calificaciones!$A:$A,$A4,Calificaciones!$P:$P)) | M4: =IF($A4="","",AVERAGEIF(Calificaciones!$A:$A,$A4,Calificaciones!$Q:$Q)) | N4: =IF($A4="","",AVERAGEIF(Calificaciones!$A:$A,$A4,Calificaciones!$R:$R)) | O4: =IF($A4="","",AVERAGEIF(Calificaciones!$A:$A,$A4,Calificaciones!$S:$S)) | P4: =IF($A4="","",AVERAGEIF(Calificaciones!$A:$A,$A4,Calificaciones!$T:$T)) | Q4: =IF($A4="","",AVERAGEIF(Calificaciones!$A:$A,$A4,Calificaciones!$U:$U)) | R4: =IF($A4="","",AVERAGEIF(Calificaciones!$A:$A,$A4,Calificaciones!$V:$V)) | S4: =IF($A4="","",AVERAGEIF(Calificaciones!$A:$A,$A4,Calificaciones!$W:$W)) | T4: =IF($A4="","",AVERAGEIF(Calificaciones!$A:$A,$A4,Calificaciones!$X:$X)) | U4: =IF($A4="","",AVERAGEIF(Calificaciones!$A:$A,$A4,Calificaciones!$Y:$Y)) | V4: =IF($A4="","",AVERAGEIF(Calificaciones!$A:$A,$A4,Calificaciones!$Z:$Z)) | W4: =IF($A4="","",AVERAGEIF(Calificaciones!$A:$A,$A4,Calificaciones!$AA:$AA)) | X4: =IF($A4="","",AVERAGEIF(Calificaciones!$A:$A,$A4,Calificaciones!$AB:$AB)) | Y4: =IF($A4="","",AVERAGEIF(Calificaciones!$A:$A,$A4,Calificaciones!$AC:$AC))
B5: =IF($A5="","",AVERAGEIF(Calificaciones!$A:$A,$A5,Calificaciones!$F:$F)) | C5: =IF($A5="","",AVERAGEIF(Calificaciones!$A:$A,$A5,Calificaciones!$G:$G)) | D5: =IF($A5="","",AVERAGEIF(Calificaciones!$A:$A,$A5,Calificaciones!$H:$H)) | E5: =IF($A5="","",AVERAGEIF(Calificaciones!$A:$A,$A5,Calificaciones!$I:$I)) | F5: =IF($A5="","",AVERAGEIF(Calificaciones!$A:$A,$A5,Calificaciones!$J:$J)) | G5: =IF($A5="","",AVERAGEIF(Calificaciones!$A:$A,$A5,Calificaciones!$K:$K)) | H5: =IF($A5="","",AVERAGEIF(Calificaciones!$A:$A,$A5,Calificaciones!$L:$L)) | I5: =IF($A5="","",AVERAGEIF(Calificaciones!$A:$A,$A5,Calificaciones!$M:$M)) | J5: =IF($A5="","",AVERAGEIF(Calificaciones!$A:$A,$A5,Calificaciones!$N:$N)) | K5: =IF($A5="","",AVERAGEIF(Calificaciones!$A:$A,$A5,Calificaciones!$O:$O)) | L5: =IF($A5="","",AVERAGEIF(Calificaciones!$A:$A,$A5,Calificaciones!$P:$P)) | M5: =IF($A5="","",AVERAGEIF(Calificaciones!$A:$A,$A5,Calificaciones!$Q:$Q)) | N5: =IF($A5="","",AVERAGEIF(Calificaciones!$A:$A,$A5,Calificaciones!$R:$R)) | O5: =IF($A5="","",AVERAGEIF(Calificaciones!$A:$A,$A5,Calificaciones!$S:$S)) | P5: =IF($A5="","",AVERAGEIF(Calificaciones!$A:$A,$A5,Calificaciones!$T:$T)) | Q5: =IF($A5="","",AVERAGEIF(Calificaciones!$A:$A,$A5,Calificaciones!$U:$U)) | R5: =IF($A5="","",AVERAGEIF(Calificaciones!$A:$A,$A5,Calificaciones!$V:$V)) | S5: =IF($A5="","",AVERAGEIF(Calificaciones!$A:$A,$A5,Calificaciones!$W:$W)) | T5: =IF($A5="","",AVERAGEIF(Calificaciones!$A:$A,$A5,Calificaciones!$X:$X)) | U5: =IF($A5="","",AVERAGEIF(Calificaciones!$A:$A,$A5,Calificaciones!$Y:$Y)) | V5: =IF($A5="","",AVERAGEIF(Calificaciones!$A:$A,$A5,Calificaciones!$Z:$Z)) | W5: =IF($A5="","",AVERAGEIF(Calificaciones!$A:$A,$A5,Calificaciones!$AA:$AA)) | X5: =IF($A5="","",AVERAGEIF(Calificaciones!$A:$A,$A5,Calificaciones!$AB:$AB)) | Y5: =IF($A5="","",AVERAGEIF(Calificaciones!$A:$A,$A5,Calificaciones!$AC:$AC))
B6: =IF($A6="","",AVERAGEIF(Calificaciones!$A:$A,$A6,Calificaciones!$F:$F)) | C6: =IF($A6="","",AVERAGEIF(Calificaciones!$A:$A,$A6,Calificaciones!$G:$G)) | D6: =IF($A6="","",AVERAGEIF(Calificaciones!$A:$A,$A6,Calificaciones!$H:$H)) | E6: =IF($A6="","",AVERAGEIF(Calificaciones!$A:$A,$A6,Calificaciones!$I:$I)) | F6: =IF($A6="","",AVERAGEIF(Calificaciones!$A:$A,$A6,Calificaciones!$J:$J)) | G6: =IF($A6="","",AVERAGEIF(Calificaciones!$A:$A,$A6,Calificaciones!$K:$K)) | H6: =IF($A6="","",AVERAGEIF(Calificaciones!$A:$A,$A6,Calificaciones!$L:$L)) | I6: =IF($A6="","",AVERAGEIF(Calificaciones!$A:$A,$A6,Calificaciones!$M:$M)) | J6: =IF($A6="","",AVERAGEIF(Calificaciones!$A:$A,$A6,Calificaciones!$N:$N)) | K6: =IF($A6="","",AVERAGEIF(Calificaciones!$A:$A,$A6,Calificaciones!$O:$O)) | L6: =IF($A6="","",AVERAGEIF(Calificaciones!$A:$A,$A6,Calificaciones!$P:$P)) | M6: =IF($A6="","",AVERAGEIF(Calificaciones!$A:$A,$A6,Calificaciones!$Q:$Q)) | N6: =IF($A6="","",AVERAGEIF(Calificaciones!$A:$A,$A6,Calificaciones!$R:$R)) | O6: =IF($A6="","",AVERAGEIF(Calificaciones!$A:$A,$A6,Calificaciones!$S:$S)) | P6: =IF($A6="","",AVERAGEIF(Calificaciones!$A:$A,$A6,Calificaciones!$T:$T)) | Q6: =IF($A6="","",AVERAGEIF(Calificaciones!$A:$A,$A6,Calificaciones!$U:$U)) | R6: =IF($A6="","",AVERAGEIF(Calificaciones!$A:$A,$A6,Calificaciones!$V:$V)) | S6: =IF($A6="","",AVERAGEIF(Calificaciones!$A:$A,$A6,Calificaciones!$W:$W)) | T6: =IF($A6="","",AVERAGEIF(Calificaciones!$A:$A,$A6,Calificaciones!$X:$X)) | U6: =IF($A6="","",AVERAGEIF(Calificaciones!$A:$A,$A6,Calificaciones!$Y:$Y)) | V6: =IF($A6="","",AVERAGEIF(Calificaciones!$A:$A,$A6,Calificaciones!$Z:$Z)) | W6: =IF($A6="","",AVERAGEIF(Calificaciones!$A:$A,$A6,Calificaciones!$AA:$AA)) | X6: =IF($A6="","",AVERAGEIF(Calificaciones!$A:$A,$A6,Calificaciones!$AB:$AB)) | Y6: =IF($A6="","",AVERAGEIF(Calificaciones!$A:$A,$A6,Calificaciones!$AC:$AC))
B7: =IF($A7="","",AVERAGEIF(Calificaciones!$A:$A,$A7,Calificaciones!$F:$F)) | C7: =IF($A7="","",AVERAGEIF(Calificaciones!$A:$A,$A7,Calificaciones!$G:$G)) | D7: =IF($A7="","",AVERAGEIF(Calificaciones!$A:$A,$A7,Calificaciones!$H:$H)) | E7: =IF($A7="","",AVERAGEIF(Calificaciones!$A:$A,$A7,Calificaciones!$I:$I)) | F7: =IF($A7="","",AVERAGEIF(Calificaciones!$A:$A,$A7,Calificaciones!$J:$J)) | G7: =IF($A7="","",AVERAGEIF(Calificaciones!$A:$A,$A7,Calificaciones!$K:$K)) | H7: =IF($A7="","",AVERAGEIF(Calificaciones!$A:$A,$A7,Calificaciones!$L:$L)) | I7: =IF($A7="","",AVERAGEIF(Calificaciones!$A:$A,$A7,Calificaciones!$M:$M)) | J7: =IF($A7="","",AVERAGEIF(Calificaciones!$A:$A,$A7,Calificaciones!$N:$N)) | K7: =IF($A7="","",AVERAGEIF(Calificaciones!$A:$A,$A7,Calificaciones!$O:$O)) | L7: =IF($A7="","",AVERAGEIF(Calificaciones!$A:$A,$A7,Calificaciones!$P:$P)) | M7: =IF($A7="","",AVERAGEIF(Calificaciones!$A:$A,$A7,Calificaciones!$Q:$Q)) | N7: =IF($A7="","",AVERAGEIF(Calificaciones!$A:$A,$A7,Calificaciones!$R:$R)) | O7: =IF($A7="","",AVERAGEIF(Calificaciones!$A:$A,$A7,Calificaciones!$S:$S)) | P7: =IF($A7="","",AVERAGEIF(Calificaciones!$A:$A,$A7,Calificaciones!$T:$T)) | Q7: =IF($A7="","",AVERAGEIF(Calificaciones!$A:$A,$A7,Calificaciones!$U:$U)) | R7: =IF($A7="","",AVERAGEIF(Calificaciones!$A:$A,$A7,Calificaciones!$V:$V)) | S7: =IF($A7="","",AVERAGEIF(Calificaciones!$A:$A,$A7,Calificaciones!$W:$W)) | T7: =IF($A7="","",AVERAGEIF(Calificaciones!$A:$A,$A7,Calificaciones!$X:$X)) | U7: =IF($A7="","",AVERAGEIF(Calificaciones!$A:$A,$A7,Calificaciones!$Y:$Y)) | V7: =IF($A7="","",AVERAGEIF(Calificaciones!$A:$A,$A7,Calificaciones!$Z:$Z)) | W7: =IF($A7="","",AVERAGEIF(Calificaciones!$A:$A,$A7,Calificaciones!$AA:$AA)) | X7: =IF($A7="","",AVERAGEIF(Calificaciones!$A:$A,$A7,Calificaciones!$AB:$AB)) | Y7: =IF($A7="","",AVERAGEIF(Calificaciones!$A:$A,$A7,Calificaciones!$AC:$AC))
B8: =IF($A8="","",AVERAGEIF(Calificaciones!$A:$A,$A8,Calificaciones!$F:$F)) | C8: =IF($A8="","",AVERAGEIF(Calificaciones!$A:$A,$A8,Calificaciones!$G:$G)) | D8: =IF($A8="","",AVERAGEIF(Calificaciones!$A:$A,$A8,Calificaciones!$H:$H)) | E8: =IF($A8="","",AVERAGEIF(Calificaciones!$A:$A,$A8,Calificaciones!$I:$I)) | F8: =IF($A8="","",AVERAGEIF(Calificaciones!$A:$A,$A8,Calificaciones!$J:$J)) | G8: =IF($A8="","",AVERAGEIF(Calificaciones!$A:$A,$A8,Calificaciones!$K:$K)) | H8: =IF($A8="","",AVERAGEIF(Calificaciones!$A:$A,$A8,Calificaciones!$L:$L)) | I8: =IF($A8="","",AVERAGEIF(Calificaciones!$A:$A,$A8,Calificaciones!$M:$M)) | J8: =IF($A8="","",AVERAGEIF(Calificaciones!$A:$A,$A8,Calificaciones!$N:$N)) | K8: =IF($A8="","",AVERAGEIF(Calificaciones!$A:$A,$A8,Calificaciones!$O:$O)) | L8: =IF($A8="","",AVERAGEIF(Calificaciones!$A:$A,$A8,Calificaciones!$P:$P)) | M8: =IF($A8="","",AVERAGEIF(Calificaciones!$A:$A,$A8,Calificaciones!$Q:$Q)) | N8: =IF($A8="","",AVERAGEIF(Calificaciones!$A:$A,$A8,Calificaciones!$R:$R)) | O8: =IF($A8="","",AVERAGEIF(Calificaciones!$A:$A,$A8,Calificaciones!$S:$S)) | P8: =IF($A8="","",AVERAGEIF(Calificaciones!$A:$A,$A8,Calificaciones!$T:$T)) | Q8: =IF($A8="","",AVERAGEIF(Calificaciones!$A:$A,$A8,Calificaciones!$U:$U)) | R8: =IF($A8="","",AVERAGEIF(Calificaciones!$A:$A,$A8,Calificaciones!$V:$V)) | S8: =IF($A8="","",AVERAGEIF(Calificaciones!$A:$A,$A8,Calificaciones!$W:$W)) | T8: =IF($A8="","",AVERAGEIF(Calificaciones!$A:$A,$A8,Calificaciones!$X:$X)) | U8: =IF($A8="","",AVERAGEIF(Calificaciones!$A:$A,$A8,Calificaciones!$Y:$Y)) | V8: =IF($A8="","",AVERAGEIF(Calificaciones!$A:$A,$A8,Calificaciones!$Z:$Z)) | W8: =IF($A8="","",AVERAGEIF(Calificaciones!$A:$A,$A8,Calificaciones!$AA:$AA)) | X8: =IF($A8="","",AVERAGEIF(Calificaciones!$A:$A,$A8,Calificaciones!$AB:$AB)) | Y8: =IF($A8="","",AVERAGEIF(Calificaciones!$A:$A,$A8,Calificaciones!$AC:$AC))
B9: =IF($A9="","",AVERAGEIF(Calificaciones!$A:$A,$A9,Calificaciones!$F:$F)) | C9: =IF($A9="","",AVERAGEIF(Calificaciones!$A:$A,$A9,Calificaciones!$G:$G)) | D9: =IF($A9="","",AVERAGEIF(Calificaciones!$A:$A,$A9,Calificaciones!$H:$H)) | E9: =IF($A9="","",AVERAGEIF(Calificaciones!$A:$A,$A9,Calificaciones!$I:$I)) | F9: =IF($A9="","",AVERAGEIF(Calificaciones!$A:$A,$A9,Calificaciones!$J:$J)) | G9: =IF($A9="","",AVERAGEIF(Calificaciones!$A:$A,$A9,Calificaciones!$K:$K)) | H9: =IF($A9="","",AVERAGEIF(Calificaciones!$A:$A,$A9,Calificaciones!$L:$L)) | I9: =IF($A9="","",AVERAGEIF(Calificaciones!$A:$A,$A9,Calificaciones!$M:$M)) | J9: =IF($A9="","",AVERAGEIF(Calificaciones!$A:$A,$A9,Calificaciones!$N:$N)) | K9: =IF($A9="","",AVERAGEIF(Calificaciones!$A:$A,$A9,Calificaciones!$O:$O)) | L9: =IF($A9="","",AVERAGEIF(Calificaciones!$A:$A,$A9,Calificaciones!$P:$P)) | M9: =IF($A9="","",AVERAGEIF(Calificaciones!$A:$A,$A9,Calificaciones!$Q:$Q)) | N9: =IF($A9="","",AVERAGEIF(Calificaciones!$A:$A,$A9,Calificaciones!$R:$R)) | O9: =IF($A9="","",AVERAGEIF(Calificaciones!$A:$A,$A9,Calificaciones!$S:$S)) | P9: =IF($A9="","",AVERAGEIF(Calificaciones!$A:$A,$A9,Calificaciones!$T:$T)) | Q9: =IF($A9="","",AVERAGEIF(Calificaciones!$A:$A,$A9,Calificaciones!$U:$U)) | R9: =IF($A9="","",AVERAGEIF(Calificaciones!$A:$A,$A9,Calificaciones!$V:$V)) | S9: =IF($A9="","",AVERAGEIF(Calificaciones!$A:$A,$A9,Calificaciones!$W:$W)) | T9: =IF($A9="","",AVERAGEIF(Calificaciones!$A:$A,$A9,Calificaciones!$X:$X)) | U9: =IF($A9="","",AVERAGEIF(Calificaciones!$A:$A,$A9,Calificaciones!$Y:$Y)) | V9: =IF($A9="","",AVERAGEIF(Calificaciones!$A:$A,$A9,Calificaciones!$Z:$Z)) | W9: =IF($A9="","",AVERAGEIF(Calificaciones!$A:$A,$A9,Calificaciones!$AA:$AA)) | X9: =IF($A9="","",AVERAGEIF(Calificaciones!$A:$A,$A9,Calificaciones!$AB:$AB)) | Y9: =IF($A9="","",AVERAGEIF(Calificaciones!$A:$A,$A9,Calificaciones!$AC:$AC))
B10: =IF($A10="","",AVERAGEIF(Calificaciones!$A:$A,$A10,Calificaciones!$F:$F)) | C10: =IF($A10="","",AVERAGEIF(Calificaciones!$A:$A,$A10,Calificaciones!$G:$G)) | D10: =IF($A10="","",AVERAGEIF(Calificaciones!$A:$A,$A10,Calificaciones!$H:$H)) | E10: =IF($A10="","",AVERAGEIF(Calificaciones!$A:$A,$A10,Calificaciones!$I:$I)) | F10: =IF($A10="","",AVERAGEIF(Calificaciones!$A:$A,$A10,Calificaciones!$J:$J)) | G10: =IF($A10="","",AVERAGEIF(Calificaciones!$A:$A,$A10,Calificaciones!$K:$K)) | H10: =IF($A10="","",AVERAGEIF(Calificaciones!$A:$A,$A10,Calificaciones!$L:$L)) | I10: =IF($A10="","",AVERAGEIF(Calificaciones!$A:$A,$A10,Calificaciones!$M:$M)) | J10: =IF($A10="","",AVERAGEIF(Calificaciones!$A:$A,$A10,Calificaciones!$N:$N)) | K10: =IF($A10="","",AVERAGEIF(Calificaciones!$A:$A,$A10,Calificaciones!$O:$O)) | L10: =IF($A10="","",AVERAGEIF(Calificaciones!$A:$A,$A10,Calificaciones!$P:$P)) | M10: =IF($A10="","",AVERAGEIF(Calificaciones!$A:$A,$A10,Calificaciones!$Q:$Q)) | N10: =IF($A10="","",AVERAGEIF(Calificaciones!$A:$A,$A10,Calificaciones!$R:$R)) | O10: =IF($A10="","",AVERAGEIF(Calificaciones!$A:$A,$A10,Calificaciones!$S:$S)) | P10: =IF($A10="","",AVERAGEIF(Calificaciones!$A:$A,$A10,Calificaciones!$T:$T)) | Q10: =IF($A10="","",AVERAGEIF(Calificaciones!$A:$A,$A10,Calificaciones!$U:$U)) | R10: =IF($A10="","",AVERAGEIF(Calificaciones!$A:$A,$A10,Calificaciones!$V:$V)) | S10: =IF($A10="","",AVERAGEIF(Calificaciones!$A:$A,$A10,Calificaciones!$W:$W)) | T10: =IF($A10="","",AVERAGEIF(Calificaciones!$A:$A,$A10,Calificaciones!$X:$X)) | U10: =IF($A10="","",AVERAGEIF(Calificaciones!$A:$A,$A10,Calificaciones!$Y:$Y)) | V10: =IF($A10="","",AVERAGEIF(Calificaciones!$A:$A,$A10,Calificaciones!$Z:$Z)) | W10: =IF($A10="","",AVERAGEIF(Calificaciones!$A:$A,$A10,Calificaciones!$AA:$AA)) | X10: =IF($A10="","",AVERAGEIF(Calificaciones!$A:$A,$A10,Calificaciones!$AB:$AB)) | Y10: =IF($A10="","",AVERAGEIF(Calificaciones!$A:$A,$A10,Calificaciones!$AC:$AC))
B11: =IF($A11="","",AVERAGEIF(Calificaciones!$A:$A,$A11,Calificaciones!$F:$F)) | C11: =IF($A11="","",AVERAGEIF(Calificaciones!$A:$A,$A11,Calificaciones!$G:$G)) | D11: =IF($A11="","",AVERAGEIF(Calificaciones!$A:$A,$A11,Calificaciones!$H:$H)) | E11: =IF($A11="","",AVERAGEIF(Calificaciones!$A:$A,$A11,Calificaciones!$I:$I)) | F11: =IF($A11="","",AVERAGEIF(Calificaciones!$A:$A,$A11,Calificaciones!$J:$J)) | G11: =IF($A11="","",AVERAGEIF(Calificaciones!$A:$A,$A11,Calificaciones!$K:$K)) | H11: =IF($A11="","",AVERAGEIF(Calificaciones!$A:$A,$A11,Calificaciones!$L:$L)) | I11: =IF($A11="","",AVERAGEIF(Calificaciones!$A:$A,$A11,Calificaciones!$M:$M)) | J11: =IF($A11="","",AVERAGEIF(Calificaciones!$A:$A,$A11,Calificaciones!$N:$N)) | K11: =IF($A11="","",AVERAGEIF(Calificaciones!$A:$A,$A11,Calificaciones!$O:$O)) | L11: =IF($A11="","",AVERAGEIF(Calificaciones!$A:$A,$A11,Calificaciones!$P:$P)) | M11: =IF($A11="","",AVERAGEIF(Calificaciones!$A:$A,$A11,Calificaciones!$Q:$Q)) | N11: =IF($A11="","",AVERAGEIF(Calificaciones!$A:$A,$A11,Calificaciones!$R:$R)) | O11: =IF($A11="","",AVERAGEIF(Calificaciones!$A:$A,$A11,Calificaciones!$S:$S)) | P11: =IF($A11="","",AVERAGEIF(Calificaciones!$A:$A,$A11,Calificaciones!$T:$T)) | Q11: =IF($A11="","",AVERAGEIF(Calificaciones!$A:$A,$A11,Calificaciones!$U:$U)) | R11: =IF($A11="","",AVERAGEIF(Calificaciones!$A:$A,$A11,Calificaciones!$V:$V)) | S11: =IF($A11="","",AVERAGEIF(Calificaciones!$A:$A,$A11,Calificaciones!$W:$W)) | T11: =IF($A11="","",AVERAGEIF(Calificaciones!$A:$A,$A11,Calificaciones!$X:$X)) | U11: =IF($A11="","",AVERAGEIF(Calificaciones!$A:$A,$A11,Calificaciones!$Y:$Y)) | V11: =IF($A11="","",AVERAGEIF(Calificaciones!$A:$A,$A11,Calificaciones!$Z:$Z)) | W11: =IF($A11="","",AVERAGEIF(Calificaciones!$A:$A,$A11,Calificaciones!$AA:$AA)) | X11: =IF($A11="","",AVERAGEIF(Calificaciones!$A:$A,$A11,Calificaciones!$AB:$AB)) | Y11: =IF($A11="","",AVERAGEIF(Calificaciones!$A:$A,$A11,Calificaciones!$AC:$AC))
B12: =IF($A12="","",AVERAGEIF(Calificaciones!$A:$A,$A12,Calificaciones!$F:$F)) | C12: =IF($A12="","",AVERAGEIF(Calificaciones!$A:$A,$A12,Calificaciones!$G:$G)) | D12: =IF($A12="","",AVERAGEIF(Calificaciones!$A:$A,$A12,Calificaciones!$H:$H)) | E12: =IF($A12="","",AVERAGEIF(Calificaciones!$A:$A,$A12,Calificaciones!$I:$I)) | F12: =IF($A12="","",AVERAGEIF(Calificaciones!$A:$A,$A12,Calificaciones!$J:$J)) | G12: =IF($A12="","",AVERAGEIF(Calificaciones!$A:$A,$A12,Calificaciones!$K:$K)) | H12: =IF($A12="","",AVERAGEIF(Calificaciones!$A:$A,$A12,Calificaciones!$L:$L)) | I12: =IF($A12="","",AVERAGEIF(Calificaciones!$A:$A,$A12,Calificaciones!$M:$M)) | J12: =IF($A12="","",AVERAGEIF(Calificaciones!$A:$A,$A12,Calificaciones!$N:$N)) | K12: =IF($A12="","",AVERAGEIF(Calificaciones!$A:$A,$A12,Calificaciones!$O:$O)) | L12: =IF($A12="","",AVERAGEIF(Calificaciones!$A:$A,$A12,Calificaciones!$P:$P)) | M12: =IF($A12="","",AVERAGEIF(Calificaciones!$A:$A,$A12,Calificaciones!$Q:$Q)) | N12: =IF($A12="","",AVERAGEIF(Calificaciones!$A:$A,$A12,Calificaciones!$R:$R)) | O12: =IF($A12="","",AVERAGEIF(Calificaciones!$A:$A,$A12,Calificaciones!$S:$S)) | P12: =IF($A12="","",AVERAGEIF(Calificaciones!$A:$A,$A12,Calificaciones!$T:$T)) | Q12: =IF($A12="","",AVERAGEIF(Calificaciones!$A:$A,$A12,Calificaciones!$U:$U)) | R12: =IF($A12="","",AVERAGEIF(Calificaciones!$A:$A,$A12,Calificaciones!$V:$V)) | S12: =IF($A12="","",AVERAGEIF(Calificaciones!$A:$A,$A12,Calificaciones!$W:$W)) | T12: =IF($A12="","",AVERAGEIF(Calificaciones!$A:$A,$A12,Calificaciones!$X:$X)) | U12: =IF($A12="","",AVERAGEIF(Calificaciones!$A:$A,$A12,Calificaciones!$Y:$Y)) | V12: =IF($A12="","",AVERAGEIF(Calificaciones!$A:$A,$A12,Calificaciones!$Z:$Z)) | W12: =IF($A12="","",AVERAGEIF(Calificaciones!$A:$A,$A12,Calificaciones!$AA:$AA)) | X12: =IF($A12="","",AVERAGEIF(Calificaciones!$A:$A,$A12,Calificaciones!$AB:$AB)) | Y12: =IF($A12="","",AVERAGEIF(Calificaciones!$A:$A,$A12,Calificaciones!$AC:$AC))
B13: =IF($A13="","",AVERAGEIF(Calificaciones!$A:$A,$A13,Calificaciones!$F:$F)) | C13: =IF($A13="","",AVERAGEIF(Calificaciones!$A:$A,$A13,Calificaciones!$G:$G)) | D13: =IF($A13="","",AVERAGEIF(Calificaciones!$A:$A,$A13,Calificaciones!$H:$H)) | E13: =IF($A13="","",AVERAGEIF(Calificaciones!$A:$A,$A13,Calificaciones!$I:$I)) | F13: =IF($A13="","",AVERAGEIF(Calificaciones!$A:$A,$A13,Calificaciones!$J:$J)) | G13: =IF($A13="","",AVERAGEIF(Calificaciones!$A:$A,$A13,Calificaciones!$K:$K)) | H13: =IF($A13="","",AVERAGEIF(Calificaciones!$A:$A,$A13,Calificaciones!$L:$L)) | I13: =IF($A13="","",AVERAGEIF(Calificaciones!$A:$A,$A13,Calificaciones!$M:$M)) | J13: =IF($A13="","",AVERAGEIF(Calificaciones!$A:$A,$A13,Calificaciones!$N:$N)) | K13: =IF($A13="","",AVERAGEIF(Calificaciones!$A:$A,$A13,Calificaciones!$O:$O)) | L13: =IF($A13="","",AVERAGEIF(Calificaciones!$A:$A,$A13,Calificaciones!$P:$P)) | M13: =IF($A13="","",AVERAGEIF(Calificaciones!$A:$A,$A13,Calificaciones!$Q:$Q)) | N13: =IF($A13="","",AVERAGEIF(Calificaciones!$A:$A,$A13,Calificaciones!$R:$R)) | O13: =IF($A13="","",AVERAGEIF(Calificaciones!$A:$A,$A13,Calificaciones!$S:$S)) | P13: =IF($A13="","",AVERAGEIF(Calificaciones!$A:$A,$A13,Calificaciones!$T:$T)) | Q13: =IF($A13="","",AVERAGEIF(Calificaciones!$A:$A,$A13,Calificaciones!$U:$U)) | R13: =IF($A13="","",AVERAGEIF(Calificaciones!$A:$A,$A13,Calificaciones!$V:$V)) | S13: =IF($A13="","",AVERAGEIF(Calificaciones!$A:$A,$A13,Calificaciones!$W:$W)) | T13: =IF($A13="","",AVERAGEIF(Calificaciones!$A:$A,$A13,Calificaciones!$X:$X)) | U13: =IF($A13="","",AVERAGEIF(Calificaciones!$A:$A,$A13,Calificaciones!$Y:$Y)) | V13: =IF($A13="","",AVERAGEIF(Calificaciones!$A:$A,$A13,Calificaciones!$Z:$Z)) | W13: =IF($A13="","",AVERAGEIF(Calificaciones!$A:$A,$A13,Calificaciones!$AA:$AA)) | X13: =IF($A13="","",AVERAGEIF(Calificaciones!$A:$A,$A13,Calificaciones!$AB:$AB)) | Y13: =IF($A13="","",AVERAGEIF(Calificaciones!$A:$A,$A13,Calificaciones!$AC:$AC))
... B121: =IF($A121="","",AVERAGEIF(Calificaciones!$A:$A,$A121,Calificaciones!$F:$F)) | C121: =IF($A121="","",AVERAGEIF(Calificaciones!$A:$A,$A121,Calificaciones!$G:$G)) | D121: =IF($A121="","",AVERAGEIF(Calificaciones!$A:$A,$A121,Calificaciones!$H:$H)) | E121: =IF($A121="","",AVERAGEIF(Calificaciones!$A:$A,$A121,Calificaciones!$I:$I)) | F121: =IF($A121="","",AVERAGEIF(Calificaciones!$A:$A,$A121,Calificaciones!$J:$J)) | G121: =IF($A121="","",AVERAGEIF(Calificaciones!$A:$A,$A121,Calificaciones!$K:$K)) | H121: =IF($A121="","",AVERAGEIF(Calificaciones!$A:$A,$A121,Calificaciones!$L:$L)) | I121: =IF($A121="","",AVERAGEIF(Calificaciones!$A:$A,$A121,Calificaciones!$M:$M)) | J121: =IF($A121="","",AVERAGEIF(Calificaciones!$A:$A,$A121,Calificaciones!$N:$N)) | K121: =IF($A121="","",AVERAGEIF(Calificaciones!$A:$A,$A121,Calificaciones!$O:$O)) | L121: =IF($A121="","",AVERAGEIF(Calificaciones!$A:$A,$A121,Calificaciones!$P:$P)) | M121: =IF($A121="","",AVERAGEIF(Calificaciones!$A:$A,$A121,Calificaciones!$Q:$Q)) | N121: =IF($A121="","",AVERAGEIF(Calificaciones!$A:$A,$A121,Calificaciones!$R:$R)) | O121: =IF($A121="","",AVERAGEIF(Calificaciones!$A:$A,$A121,Calificaciones!$S:$S)) | P121: =IF($A121="","",AVERAGEIF(Calificaciones!$A:$A,$A121,Calificaciones!$T:$T)) | Q121: =IF($A121="","",AVERAGEIF(Calificaciones!$A:$A,$A121,Calificaciones!$U:$U)) | R121: =IF($A121="","",AVERAGEIF(Calificaciones!$A:$A,$A121,Calificaciones!$V:$V)) | S121: =IF($A121="","",AVERAGEIF(Calificaciones!$A:$A,$A121,Calificaciones!$W:$W)) | T121: =IF($A121="","",AVERAGEIF(Calificaciones!$A:$A,$A121,Calificaciones!$X:$X)) | U121: =IF($A121="","",AVERAGEIF(Calificaciones!$A:$A,$A121,Calificaciones!$Y:$Y)) | V121: =IF($A121="","",AVERAGEIF(Calificaciones!$A:$A,$A121,Calificaciones!$Z:$Z)) | W121: =IF($A121="","",AVERAGEIF(Calificaciones!$A:$A,$A121,Calificaciones!$AA:$AA)) | X121: =IF($A121="","",AVERAGEIF(Calificaciones!$A:$A,$A121,Calificaciones!$AB:$AB)) | Y121: =IF($A121="","",AVERAGEIF(Calificaciones!$A:$A,$A121,Calificaciones!$AC:$AC))

Sheet RA_CE
A1: Código | B1: Descripción
A2: RA1 | B2: Caracteriza lenguajes de programación valorando su idoneidad en IA.
A3: RA1.a | B3: Identifica la estructura de un programa informático.
A4: RA1.b | B4: Valora características de lenguajes según el tipo de aplicación.
A5: RA1.c | B5: Determina el lenguaje más apropiado para la aplicación.
A6: RA1.d | B6: Valora características de lenguajes para IA.
A7: RA1.e | B7: Determina el lenguaje más apropiado para una aplicación de IA.
A8: RA1.f | B8: Caracteriza lenguajes de marcado y la información de sus etiquetas.
A9: RA2 | B9: Desarrolla aplicaciones de IA utilizando entornos de modelado.
A10: RA2.a | B10: Evalúa plataformas de Inteligencia Artificial.
A11: RA2.b | B11: Caracteriza entornos de modelado de aplicaciones de IA.
A12: RA2.c | B12: Define el modelo según el problema planteado.
... A25: RA4.d | B25: Evalúa la conveniencia de cada modelo para conseguir resultados esperados.
